product_name,category,actual_price,discount_percentage,rating,rating_count,about_product_positivity,review_title_positivity,review_content_positivity
boAt,Electronics,4490.0,0.67,3.9,136954.0,0.9552,-0.7263,0.9993
Hilton,Home&Kitchen,1899.0,0.39,3.5,24.0,0.4404,0.0,0.9875
Kuber,Home&Kitchen,199.0,0.11,4.1,3688.0,0.8876,0.2382,0.7778
GIZGA,Computers&Accessories,299.0,0.87,3.5,15233.0,0.6369,0.722,0.9647
LOHAYA,Electronics,1199.0,0.75,3.7,490.0,0.4588,0.8126,0.9554
Sure,Home&Kitchen,18000.0,0.49,4.0,16020.0,0.8807,-0.6429,0.9792
boAt,Electronics,999.0,0.3,4.1,273189.0,0.9559,-0.7955,0.9998
Scarters,Computers&Accessories,1995.0,0.5,4.5,7317.0,0.9406,0.8356,0.9959
Philips,Home&Kitchen,975.0,0.03,4.3,7223.0,0.4404,0.4404,0.9749
LG,Electronics,23990.0,0.33,4.3,1035.0,0.9729,0.886,0.9975
Zebronics,Computers&Accessories,549.0,0.27,4.4,18139.0,0.9371,0.9485,0.9941
Pentonic,OfficeProducts,120.0,0.0,4.1,4308.0,0.0,0.6597,0.3716
Quantum,Computers&Accessories,599.0,0.5,3.8,3066.0,0.9814,0.5725,0.4588
iQOO,Electronics,29990.0,0.3,4.3,9499.0,0.9623,0.5859,0.9764
POCO,Electronics,11999.0,0.33,3.8,125.0,0.0,0.1531,0.8466
Portronics,Computers&Accessories,349.0,0.56,4.3,7064.0,0.9468,0.0,0.8719
Wonderchef,Home&Kitchen,6500.0,0.49,3.7,11217.0,0.9931,-0.5927,0.9969
Flix,Computers&Accessories,199.0,0.6999999999999998,4.0,9377.333333333334,0.9517000000000001,0.2732,0.9817
WZATCO,Electronics,9990.0,0.35,4.0,27.0,0.9944,0.94,0.9781
Noise,Electronics,4999.0,0.68,4.0,67950.5,0.919,0.3447,0.8957
Redmi,Electronics,17999.0,0.28,4.1,50772.0,0.4588,0.775,0.9998
Quantum,Computers&Accessories,699.0,0.66,4.4,8372.0,0.743,0.8774,0.9383
Wayona,Computers&Accessories,1099.0,0.7,4.2,10576.0,0.7574,0.899,0.9577
KRISONS,Electronics,3999.0,0.43,3.8,282.0,0.8971,-0.2737,0.9125
ZEBRONICS,Electronics,1399.0,0.57,3.8,60026.0,0.992,0.5859,0.998
Lenovo,Computers&Accessories,59890.0,0.38,4.0,323.0,0.5423,0.3182,0.9144
SanDisk,Computers&Accessories,3000.0,0.57,4.3,23022.0,0.3182,0.7856,0.9778
Xiaomi,Computers&Accessories,37999.0,0.29,4.6,2886.0,0.5423,0.4767,0.9996
MemeHo®,Computers&Accessories,1499.0,0.56,4.3,25903.0,0.9776,0.9712,0.9926
Duracell,Computers&Accessories,1999.0,0.51,4.4,184.0,0.8126000000000001,0.9380000000000001,0.9686
Allin,Home&Kitchen,3550.0,0.37,4.0,3973.0,0.9378,0.6705,0.974
KENT,Home&Kitchen,1950.0,0.08,3.9,1888.0,0.8555,0.7269,0.991
Racold,Home&Kitchen,4849.0,0.39,4.2,7968.0,0.4019,0.7681,0.8729
TIZUM,Electronics,999.0,0.62,4.2,12153.0,0.7906,0.7324,0.9816
LAPSTER,Electronics,999.0,0.9,4.4,305.0,0.9473,0.4753,0.9625
Heart,Home&Kitchen,499.0,0.6,4.1,1996.0,0.8925,0.674,0.9227
Lapster,Computers&Accessories,999.0,0.85,4.0,1313.0,0.5994,0.5499,0.1181
TP-Link,Computers&Accessories,2399.0,0.36,4.3,68409.0,0.8176,0.2714,0.9981
pTron,Computers&Accessories,1000.0,0.85,3.9,24870.333333333332,0.7578999999999999,0.4701,0.7101000000000001
TE™,Home&Kitchen,4999.0,0.71,3.6,63.0,0.1999,0.7906,0.7722
InstaCuppa,Home&Kitchen,3499.0,0.2,4.5,546.0,0.8834,-0.4585,0.9336
Classmate,OfficeProducts,250.0,0.0,4.2,2628.0,0.5267,0.4404,0.5423
AmazonBasics,Electronics,700.0,0.57,4.4,8714.0,0.9118,0.891,0.9926
AGARO,Home&Kitchen,1699.0,0.26,4.2,2891.0,0.7351,0.8555,0.9962
Kingston,Computers&Accessories,450.0,0.22,4.1,18656.0,0.8658,0.6016,0.9172
Lifelong,Home&Kitchen,3500.0,0.63,3.8,44050.0,0.0,0.7845,0.962
Kitchen,Home&Kitchen,1999.0,0.76,3.4,1066.0,-0.128,0.4404,0.976
AGARO,Home&Kitchen,2099.0,0.21,4.0,14368.0,0.875,0.8569,0.9984
Ambrane,Electronics,1599.0,0.38,4.0,7222.0,0.9081,0.4215,0.9754
Kyosei,Electronics,1199.0,0.75,4.5,596.0,0.4767,0.4404,0.9854
Noise,Electronics,4999.0,0.6,3.9,7571.0,0.7506,0.6369,0.9815
Havells,Home&Kitchen,1190.0,0.29,4.2,4184.0,0.0,0.4215,0.9717
SKYWALL,Electronics,19125.0,0.62,3.4,902.0,0.34,0.6808,0.9425
WeCool,Electronics,1599.0,0.66,3.8,14648.0,0.4588,0.7798,0.9945
AO,Home&Kitchen,10900.0,0.33,4.2,11957.0,0.5267,0.8,0.3266
Duracell,Computers&Accessories,1799.0,0.46,4.5,815.0,0.872,0.8481,0.9918
OpenTech®,Electronics,999.0,0.7,4.3,8891.0,0.9834,0.9683,0.9982
Aquaguard,Home&Kitchen,24500.0,0.35,4.0,11206.0,0.9961,0.4404,-0.9769
Belkin,Computers&Accessories,1999.0,0.25,4.4,1951.0,0.8053,0.7184,0.7896
Panasonic,Home&Kitchen,3945.0,0.25,4.2,3740.0,0.2263,0.7096,0.9718
Simxen,Home&Kitchen,999.0,0.65,4.0,15646.0,0.3612,0.5023,0.9858
Redmi,Electronics,42999.0,0.37,4.2,45238.0,0.9606,0.5574,0.9836
Lapster,Computers&Accessories,999.0,0.77,4.2,1528.0,-0.6486,0.7938,0.9926
HB,Computers&Accessories,1949.0,0.8,4.0,75.0,0.9799,0.8735,0.9838
SanDisk,Computers&Accessories,650.0,0.56,4.3,253105.0,0.5994,0.8173,0.8008
4,Home&Kitchen,1200.0,0.59,3.2,113.0,0.9571,0.6887,0.0
Samsung,Electronics,74999.0,0.49,4.2,27790.0,0.9153,0.4451,0.9997
HUL,Home&Kitchen,600.0,0.0,4.1,10907.0,0.4404,-0.4599,0.7771
Gizga,Electronics,499.0,0.76,4.3,15032.0,0.7885,0.7003,0.9962
USHA,Home&Kitchen,2990.0,0.26,3.8,1558.0,0.8807,0.4588,0.9977
Redmi,Electronics,8499.0,0.24,4.1,313836.0,0.7096,0.3818,0.9546
Zinq,Computers&Accessories,1999.0,0.5,4.2,27441.0,0.6666,0.765,0.9938
Amkette,Computers&Accessories,599.0,0.25,4.0,3231.0,0.9496,0.7003,0.9939
V-Guard,Home&Kitchen,4700.0,0.43,4.2,1296.0,0.963,0.0,0.8442
Storite,Computers&Accessories,699.0,0.57,3.9,1454.0,0.4588,0.0908,0.7389
RPM,Computers&Accessories,1490.0,0.53,4.0,5736.0,0.6124,-0.7304,0.791
Samsung,Electronics,11999.0,0.21,4.2,284.0,0.6808,0.8816,0.9977
ZEBRONICS,Computers&Accessories,499.0,0.34,3.7,8566.0,0.0,0.4019,0.8336
Lint,Home&Kitchen,999.0,0.55,4.3,229.0,0.9945,0.6956,0.946
boAt,Electronics,3990.0,0.7,4.2,2908.0,0.872,0.5574,0.9415
Samsung,Electronics,1699.0,0.37,4.4,7462.0,0.9521,0.0,0.8307
PTron,Electronics,1900.0,0.84,3.6,18202.0,0.5719,0.864,0.9985
Canon,Computers&Accessories,6355.0,0.17,3.9,8280.0,0.5267,0.9337,0.9909
Gizga,Computers&Accessories,299.0,0.77,4.3,255.0,0.9783,0.0,0.9675
TTK,Home&Kitchen,3895.0,0.44,3.9,1085.0,0.0,0.6486,0.9399
Wayona,Computers&Accessories,1299.0,0.69,4.2,13120.0,0.9154,0.8832,0.9774
LG,Electronics,79990.0,0.4,4.3,1376.0,0.9652,0.7343,0.934
Motorola,Electronics,1630.0,0.14,4.0,9378.0,0.8442,0.5106,0.5994
KENT,Home&Kitchen,1900.0,0.37,4.0,1765.0,0.91,0.8555,0.9062
Libra,Home&Kitchen,2299.0,0.59,3.6,550.0,0.8983,0.3612,0.937
ZIGMA,Home&Kitchen,2550.0,0.53,3.8,1181.0,-0.2411,-0.3412,0.9134
Lenovo,Computers&Accessories,5490.0,0.66,4.1,10976.0,0.9756,0.8625,0.9962
AmazonBasics,Electronics,1500.0,0.59,4.5,1029.0,0.3182,0.7756,0.98
Logitech,Computers&Accessories,995.0,0.3,4.5,54405.0,0.9571,0.7177,0.9944
Lifelong,Home&Kitchen,1000.0,0.45,3.6,1074.0,0.891,0.0443,0.9538
LS,Computers&Accessories,999.0,0.88,3.3,5692.0,0.7964,0.0,0.93
TCL,Electronics,40990.0,0.54,4.2,6659.0,0.8807,0.7906,0.9879
SanDisk,Computers&Accessories,32000.0,0.68,4.4,41398.0,0.7783,0.6892,0.421
Portronics,Computers&Accessories,699.0,0.62,4.1,450.0,0.9157,0.5719,0.9896
Samsung,Computers&Accessories,19110.0,0.47,4.3,2623.0,0.7096,0.6177,0.9949
Fire-Boltt,Electronics,19999.0,0.91,4.2,13937.0,0.91,0.8442,0.9952
Pigeon,Home&Kitchen,1249.0,0.28,3.9,17424.0,0.7964,0.8225,0.9866
USB,Electronics,649.0,0.62,4.0,14404.0,0.9664,0.5859,0.8394
LONAXA,Home&Kitchen,1299.0,0.62,3.9,65.0,0.0,0.1181,0.9231
HealthSense,Home&Kitchen,1500.0,0.47,4.3,9695.0,0.8807,0.7003,0.9386
Nokia,Electronics,1699.0,0.22,4.0,128311.0,0.7269,0.7184,0.9897
Glun,Home&Kitchen,499.0,0.41,3.9,44994.0,0.4019,0.0,0.4019
TP-Link,Computers&Accessories,4999.0,0.5,4.4,35024.0,0.7184,0.8398,0.9949
MI,Electronics,25999.0,0.35,4.2,32840.0,0.9623,0.8176,0.9625
VW,Electronics,18999.0,0.53,4.0,6347.0,0.872,0.5606,0.9643
Philips,Home&Kitchen,1745.0,0.08,4.3,37974.0,0.9486,0.5003,0.9998
Milton,Home&Kitchen,1750.0,0.23,3.8,2466.0,0.9546,0.5826,0.3374
Digitek,Electronics,2495.0,0.38,4.4,15137.0,0.7351,0.9714,0.9962
Samsung,Electronics,47900.0,0.31,4.3,7109.0,0.7845,0.4019,0.9984
Lifelong,Home&Kitchen,2400.0,0.5,3.9,1202.0,0.9694,0.0,0.9958
InstaCuppa,Home&Kitchen,2499.0,0.2,4.1,1034.0,0.8834,0.9136,0.9598
HP,Computers&Accessories,899.0,0.33,4.0,4018.0,0.9719,0.6389,0.7249
JBL,Electronics,1299.0,0.54,4.1,192589.0,0.3612,0.4404,0.9431
Amazon,Computers&Accessories,599.0,0.78,4.1,265.0,0.5106,0.8114,0.9674
Wecool,Electronics,1999.0,0.56,4.2,2284.0,0.9496,0.957,0.3841
Logitech,Computers&Accessories,2595.0,0.23,4.3,20398.0,0.9578,0.6239,0.9964
Portronics,Computers&Accessories,599.0,0.5,4.1,1597.0,0.9756,0.743,0.9949
JBL,Computers&Accessories,2000.0,0.53,3.9,14969.0,0.765,0.8805,0.8619
boAt,Electronics,999.0,0.65,4.1,363713.0,0.9949,0.8978,0.9808
USHA,Home&Kitchen,4990.0,0.3,4.1,1127.0,0.802,0.9524,0.972
Philips,Home&Kitchen,8995.0,0.13,4.0,3160.0,0.9729,0.9081,0.0582
boAt,Computers&Accessories,1490.0,0.43,3.9,356.0,-0.0772,-0.2732,0.7644
Havells,Home&Kitchen,6070.0,0.4,4.2,561.0,-0.8126,0.0,0.9956
TP-Link,Computers&Accessories,3599.0,0.56,4.2,16182.0,0.8176,0.1007,0.9846
AmazonBasics,Electronics,50000.0,0.51,3.9,3518.0,0.9796,0.34,0.9921
Vedini,Home&Kitchen,299.0,0.37,4.2,2737.0,0.9886,0.7345,0.8872
PTron,Electronics,2499.0,0.76,3.9,58162.0,0.7351,0.7003,0.9855
Orico,Computers&Accessories,999.0,0.34,4.3,13944.0,0.872,0.9318,0.9881
Skadioo,Computers&Accessories,499.0,0.6,3.7,612.0,0.7799,0.0,0.9552
POPIO,Computers&Accessories,599.0,0.42,3.9,8314.0,0.2325,0.0292,0.9206
AmazonBasics,Electronics,1700.0,0.53,4.1,28638.0,-0.2263,0.9244,0.9785
Havells,Home&Kitchen,4200.0,0.43,3.8,397.0,0.5106,-0.3412,0.6511
Portronics,Computers&Accessories,399.0,0.47,4.1,1717.0,0.9601,0.7579,-0.8288
Wayona,Computers&Accessories,999.0,0.66,4.3,6255.0,0.9545,0.4404,0.9448
Wipro,Home&Kitchen,850.0,0.18,4.1,1106.0,-0.0258,0.7397,0.9342
Syncwire,Computers&Accessories,1999.0,0.8,5.0,5.0,0.967,0.8863,0.9382
Crompton,Home&Kitchen,7299.0,0.51,4.0,10324.0,0.7213,0.7964,0.9553
TP-Link,Computers&Accessories,1339.0,0.44,4.2,179692.0,0.9312,0.6808,0.9956
LAPSTER,Computers&Accessories,999.0,0.85,3.5,2523.0,-0.3818,0.2247,-0.4939
Wayona,Computers&Accessories,1099.0,0.66,4.3,2806.0,0.9852,0.9432,0.9895
Rts™,Electronics,4999.0,0.88,4.2,910.0,0.8625,0.2382,0.9216
Infinity,Electronics,2999.0,0.5,4.1,25262.0,0.0,0.4404,0.8875
Havells,Home&Kitchen,3945.0,0.37,3.8,2732.0,0.0258,0.9559,-0.7187
iQOO,Electronics,18999.0,0.18,4.1,19252.0,0.9565,0.7003,0.9726
Bajaj,Home&Kitchen,3210.0,0.38,4.2,41349.0,0.9546,0.6124,0.9286
AGARO,Home&Kitchen,9999.0,0.38,4.1,3552.0,0.6908,0.875,0.9966
Redmi,Electronics,18999.0,0.32,4.1,50772.0,0.4588,0.775,0.9998
boAt,Electronics,7990.0,0.62,4.1,48448.5,0.6688,0.2579,0.9997
SanDisk,Electronics,2900.0,0.54,4.5,19624.0,-0.296,0.5499,0.2389
SOFLIN,Home&Kitchen,999.0,0.62,4.3,3096.0,0.9908,0.7003,0.9844
TP-Link,Electronics,3299.0,0.24,4.2,93112.0,0.5267,0.0516,0.9959
ZEBRONICS,Electronics,399.0,0.63,3.5,21764.0,0.7003,-0.5875,0.985
realme,Electronics,7999.0,0.06,4.0,30907.0,0.9136,0.0,0.8814
Belkin,Computers&Accessories,1999.0,0.35,4.4,7318.0,0.3818,0.1406,0.899
Acer,Electronics,14990.0,0.47,4.3,457.0,0.765,0.8176,0.9657
Abode,Home&Kitchen,300.0,0.5,4.1,4074.0,0.8807,0.34,0.9628
CSI,Home&Kitchen,2499.0,0.58,3.7,638.0,0.8275,-0.1576,0.6173
Logitech,Computers&Accessories,1995.0,0.25,4.3,7241.0,0.5859,-0.5423,0.8963
Samsung,Computers&Accessories,599.0,0.0,4.3,355.0,0.0,0.0,0.9771
HP,Computers&Accessories,1199.0,0.43,4.2,8258.0,0.8885,0.0,-0.2614
Wipro,Home&Kitchen,2599.0,0.31,3.6,771.0,0.4404,0.7989,-0.7037
Lifelong,Home&Kitchen,2000.0,0.55,3.6,291.0,0.8958,0.7165,0.7918
HP,Computers&Accessories,399.0,0.18,4.1,3441.0,0.8807,0.8126,0.9962
Noise,Electronics,3999.0,0.55,3.9,3517.0,0.9396,0.8074,0.9817
Zebronics,Computers&Accessories,399.0,0.18,3.6,33735.0,0.9201,0.5106,0.9661
Noise,Electronics,5999.0,0.5,4.1,5179.0,0.9231,0.8269500000000001,0.8566
iQOO,Electronics,18999.0,0.18,4.1,19252.0,0.9565,0.7003,0.9726
PHILIPS,Home&Kitchen,1695.0,0.0,4.2,14290.0,0.8289,0.6867,0.9857
Pajaka®,Home&Kitchen,499.0,0.41,4.1,1456.0,0.9664,0.4215,0.9857
Samsung,Electronics,20900.0,0.26,4.3,16299.0,0.9042,0.3521,-0.8476
Bajaj,Home&Kitchen,1499.0,0.0,4.3,9331.0,0.6597,0.4939,0.9475
boAt,Electronics,7990.0,0.75,3.8,17833.0,0.9895,0.34,0.999
Boult,Electronics,4999.0,0.76,3.8,14961.0,0.5248,0.32,0.9192
Amazon,Computers&Accessories,3999.0,0.85,3.9,1087.0,0.2144,0.7394,0.9466
atomberg,Home&Kitchen,5190.0,0.31,4.3,28629.0,0.9725,0.25,0.7005
KENT,Home&Kitchen,260.0,0.11,4.1,490.0,0.0,0.6597,0.1779
PHILIPS,Home&Kitchen,4195.0,0.24,4.0,1282.0,0.8225,0.9412,0.987
Camlin,OfficeProducts,225.0,0.0,4.1,4798.0,0.0,0.7351,0.9998
ZEBRONICS,Electronics,2299.0,0.54,3.9,1779.0,0.7506,0.9777,0.9686
OnePlus,Electronics,28999.0,0.0,4.3,17415.0,0.8625,0.7835,0.997
Crypo™,Electronics,999.0,0.7,3.8,928.0,0.8243,0.8591,0.6486
AGARO,Home&Kitchen,11495.0,0.48,4.3,534.0,0.7506,0.6114,0.9678
WANBO,Electronics,28900.0,0.52,4.5,7.0,0.991,0.8964,0.8436
SanDisk,Electronics,1800.0,0.47,4.4,67259.0,0.5267,0.9003,0.85
Esquire,Home&Kitchen,1599.0,0.41,4.3,5911.0,0.0,0.0772,-0.9399
Inalsa,Home&Kitchen,2495.0,0.46,3.8,166.0,0.8044,0.3818,0.9925
Havells,Home&Kitchen,1890.0,0.26,4.0,8031.0,0.8934,0.3182,-0.296
SVM,Electronics,399.0,0.76,3.6,1796.0,0.1531,0.5632,-0.4109
Eopora,Home&Kitchen,2999.0,0.49,3.3,29.0,0.9531,0.5811,0.9977
AmazonBasics,Computers&Accessories,750.0,0.73,4.5,74976.0,0.5984,0.6249,0.9387
Boult,Electronics,4499.0,0.78,3.8,3390.0,0.8759,0.596,0.9569
Flix,Computers&Accessories,249.0,0.44,4.0,9378.0,0.969,0.2732,0.9817
ENVIE®,Electronics,250.0,0.0,3.9,13971.0,0.9333,0.3716,-0.1774
Eureka,Home&Kitchen,825.0,0.0,4.0,3246.0,0.1027,-0.8798,0.9904
Wayona,Computers&Accessories,999.0,0.67,4.3,2651.0,0.9809,0.5859,0.9446
Duracell,Electronics,400.0,0.05,4.4,2111.0,0.7579,0.0,0.921
TP-LINK,Computers&Accessories,2999.0,0.43,4.4,24780.0,0.9531,0.5719,0.9846
PrettyKrafts,Home&Kitchen,799.0,0.51,3.8,287.0,0.967,0.8126,-0.2653
Remote,Electronics,3999.0,0.63,3.7,37.0,-0.3182,-0.1531,0.6249
MI,Electronics,24999.0,0.44,4.2,32840.0,0.9413,0.8176,0.9625
AGARO,Home&Kitchen,8990.0,0.47,4.3,1017.0,-0.8354,0.926,0.9048
Sansui,Electronics,56790.0,0.42,4.3,567.0,0.8316,0.4926,0.9604
OnePlus,Electronics,19999.0,0.25,4.2,34899.0,0.8658,0.9131,0.9966
HP,Computers&Accessories,1499.0,0.4,4.2,23174.0,0.8271,0.0,0.9243
iBELL,Home&Kitchen,1950.0,0.59,3.9,710.0,0.9781,0.7003,0.9062
Monitor,Home&Kitchen,1690.0,0.59,4.1,3524.0,0.0,0.3291,0.3252
Isoelite,Electronics,899.0,0.67,4.0,1588.0,0.4588,0.7269,0.8014
HUL,Home&Kitchen,1130.0,0.0,4.2,13250.0,0.4404,0.6249,0.872
Amazon,Electronics,795.0,0.5,4.4,12091.0,0.7906,0.0,0.9734
Redmi,Electronics,20999.0,0.19,4.1,31822.0,0.0,0.9402,0.9973
Zebronics,Computers&Accessories,549.0,0.77,3.9,61.0,0.9477,0.0,0.6486
Havells,Home&Kitchen,1295.0,0.31,4.3,6400.0,0.3182,0.4215,0.5965
Logitech,Computers&Accessories,1995.0,0.25,4.5,10541.0,0.9704,0.3274,0.9964
IT2M,Computers&Accessories,499.0,0.6,4.3,9998.0,0.34,0.4754,0.6908
Bajaj,Home&Kitchen,3080.0,0.28,3.6,468.0,0.1531,0.0,0.9698
Lifelong,Home&Kitchen,2499.0,0.54,3.8,4383.0,0.0,0.5859,0.4497
rts,Computers&Accessories,4999.0,0.94,4.3,4426.0,0.9702,0.7845,0.1416
Nokia,Electronics,2999.0,0.13,3.9,14266.0,0.0,0.296,0.9933
MI,Electronics,999.0,0.35,4.2,1315.0,0.0,0.8442,0.984
Crompton,Home&Kitchen,12500.0,0.38,4.0,5160.0,0.8331,0.8481,-0.8836
7SEVEN®,Electronics,999.0,0.6,3.6,493.0,0.8043,0.3387,0.9612
"Portable,",Home&Kitchen,1199.0,0.33,4.4,17.0,0.9231,0.9098,0.9841
Lifelong,Home&Kitchen,3299.0,0.45,3.8,1846.0,0.0,0.6908,0.992
ZEBRONICS,Electronics,4199.0,0.76,3.5,1913.0,0.9527,-0.8007,0.9818
TCL,Electronics,31990.0,0.63,4.2,64.0,0.9871,0.7906,0.891
Tukzer,Electronics,999.0,0.65,3.8,16557.0,-0.3818,0.7906,0.9882
Samsung,Electronics,24999.0,0.32,4.1,22318.0,0.8126,0.6633,0.9998
Khaitan,Home&Kitchen,2495.0,0.48,2.0,2.0,0.6523,-0.5423,0.7902
Aquasure,Home&Kitchen,16000.0,0.49,3.9,18497.0,0.9207,-0.431,0.926
MYVN,Computers&Accessories,999.0,0.75,3.7,2249.0,0.9678,0.34,0.9755
Kodak,Electronics,42999.0,0.37,4.2,1510.0,0.9643,0.0,0.9175
AmazonBasics,Electronics,650.0,0.59,4.4,35877.0,0.5423,0.8209,0.9097
Philips,Home&Kitchen,2095.0,0.0,4.5,7949.0,0.0,0.7845,0.9517
Canon,Computers&Accessories,9625.0,0.13,3.8,3652.0,0.7783,0.8268,0.9784
Logitech,Computers&Accessories,2295.0,0.35,4.6,10652.0,0.9925,0.0,0.9933
Wayona,Computers&Accessories,1299.0,0.75,4.2,10576.0,0.9765,0.899,0.9577
Dell,Computers&Accessories,2498.0,0.44,4.2,33717.0,0.0,0.743,0.9735
Lifelong,Home&Kitchen,2400.0,0.54,3.8,4.0,-0.5106,0.6908,0.91
Crompton,Home&Kitchen,4200.0,0.38,4.1,63.0,0.9287,0.1761,0.8523
Redmi,Electronics,28999.0,0.21,3.9,25824.0,0.969,0.6956,0.9985
Infinity,Electronics,3999.0,0.63,4.2,42775.0,0.0,0.4404,0.9874
Kuber,Home&Kitchen,499.0,0.6,4.0,10234.0,0.8876,0.0617,0.5243
Redmi,Electronics,8999.0,0.28,4.0,7807.0,0.4588,0.4684,0.9849
Butterfly,Home&Kitchen,5795.0,0.4,3.9,25340.0,0.8627,0.4754,0.8857
Livpure,Home&Kitchen,16490.0,0.48,4.3,97.0,0.9382,0.7003,0.9933
Imou,Electronics,7500.0,0.69,4.1,5554.0,0.9022,0.7717,0.9813
Cello,Home&Kitchen,1282.0,0.22,4.2,7274.0,0.743,0.7152,0.979
HP,Computers&Accessories,1547.0,0.5,4.3,2585.0,-0.368,0.3182,0.0
Lenovo,Computers&Accessories,670.0,0.38,3.9,523.0,0.8402,0.7531,0.6486
Sansui,Electronics,19990.0,0.45,3.7,129.0,0.9413,-0.2514,0.9794
ELV,Electronics,1499.0,0.82,4.5,28978.0,0.9663,0.8271,0.984
TP-Link,Computers&Accessories,899.0,0.33,4.3,95116.0,0.743,0.6632,0.9983
SHREENOVA,Electronics,1999.0,0.86,2.8,87.0,0.9659,0.8197,0.4201
Noise,Electronics,5999.0,0.5,4.1,7148.0,0.9814,0.9618,0.9876
Mi,Electronics,599.0,0.17,4.2,21916.0,0.7096,0.6892,0.6369
Infinity,Electronics,1999.0,0.55,4.1,30469.0,0.4767,0.8636,0.9868
iQOO,Electronics,29990.0,0.3,4.3,9499.0,0.9623,0.5859,0.9764
Kodak,Electronics,50999.0,0.41,4.4,1712.0,0.9186,0.6486,0.9292
MI,Electronics,29999.0,0.27,4.2,32840.0,0.8957,0.8176,0.9625
Oakter,Computers&Accessories,3490.0,0.66,4.1,11716.0,0.765,0.9394,0.9973
Sujata,Home&Kitchen,7200.0,0.24,4.5,1408.0,0.7717,0.6249,0.9775
Robustrion,Computers&Accessories,2499.0,0.78,4.3,5556.0,0.9837,0.906,0.8209
KONVIO,Home&Kitchen,999.0,0.5,4.3,1436.0,0.4019,0.4404,0.9204
Fire-Boltt,Electronics,19999.0,0.91,4.2,13937.0,0.91,0.8442,0.9952
Portronics,Computers&Accessories,999.0,0.43,4.2,3201.0,0.802,0.8897,0.9189
MI,Computers&Accessories,1299.0,0.62,4.3,30411.0,0.3612,0.8807,0.9334
Acer,Electronics,49990.0,0.28,4.3,1611.0,0.9062,0.9782,0.9985
URBN,Electronics,3499.0,0.54,4.0,36384.0,0.5574,0.7579,-0.4467
Tukzer,Electronics,1299.0,0.79,4.0,5072.0,0.908,0.7304,0.8826
SKE,Computers&Accessories,699.0,0.62,3.5,690.0,0.9928,0.8658,0.988
Hindware,Home&Kitchen,7290.0,0.51,3.9,942.0,0.765,0.8225,0.8309
Redragon,Computers&Accessories,3499.0,0.24,4.5,1271.0,0.9683,0.9002,0.9983
PrettyKrafts,Home&Kitchen,1099.0,0.68,3.7,1470.0,0.6705,0.0,0.8951
Amazon,Computers&Accessories,999.0,0.71,4.1,401.0,0.2023,0.8214,0.9482
Eureka,Home&Kitchen,6999.0,0.55,4.0,743.0,0.9886,0.8362,0.8767
Fire-Boltt,Electronics,19999.0,0.91,4.2,13937.0,0.91,0.8442,0.9952
Havells,Home&Kitchen,3190.0,0.31,4.3,9650.0,-0.2732,0.2621,0.9844
INALSA,Home&Kitchen,3995.0,0.31,4.4,11148.0,0.9906,0.6124,0.9757
Ambrane,Computers&Accessories,399.0,0.63,3.9,57.0,0.8979,0.9606,0.9246
Portronics,Computers&Accessories,339.0,0.55,4.3,13391.0,0.9512333333333333,0.7992,0.9236
Activa,Home&Kitchen,1990.0,0.55,4.1,185.0,0.9593,0.6486,0.886
Storite,Computers&Accessories,699.0,0.57,4.1,2957.0,-0.7351,0.5859,0.9344
LG,Electronics,21990.0,0.39,4.3,11976.0,0.9565,0.0,0.875
Zebronics,Computers&Accessories,499.0,0.64,3.4,9385.0,0.6486,-0.017,-0.8677
ZEBRONICS,Computers&Accessories,349.0,0.17,3.7,1977.0,0.5994,0.8316,0.7933
boAt,Electronics,2490.0,0.6,4.1,18331.0,0.9545,-0.0982,0.9682
AirCase,Computers&Accessories,999.0,0.55,4.3,11330.0,0.9153,0.0,0.9834
Prestige,Home&Kitchen,6295.0,0.48,3.8,14062.0,0.0,0.9169,0.9611
ZEBRONICS,Electronics,1499.0,0.67,3.6,9169.0,0.5994,0.836,0.9871
Wecool,Computers&Accessories,999.0,0.67,3.3,9792.0,0.734,-0.1779,-0.1531
NEXOMS,Home&Kitchen,3799.0,0.29,4.0,727.0,0.049,0.2263,0.976
Duracell,Electronics,1109.0,0.21,4.4,31599.0,0.1779,0.4404,0.4127
Nokia,Electronics,1699.0,0.22,4.0,128311.0,0.7269,0.7184,0.9897
KHAITAN,Home&Kitchen,3999.0,0.45,3.5,340.0,0.0,-0.7184,0.991
Tukzer,Electronics,5999.0,0.66,4.2,6233.0,0.7755,0.824,0.9755
Amazon,Computers&Accessories,1999.0,0.61,4.2,34540.0,0.8885,0.3612,0.9154
Zodo,Computers&Accessories,499.0,0.8,3.5,9638.0,0.0,0.875,0.8005
Shakti,Home&Kitchen,8999.0,0.46,4.1,297.0,-0.875,0.5925,0.973
Model-P4,Electronics,2999.0,0.47,4.2,2727.0,0.0,0.5242,0.96
FLiX,Computers&Accessories,249.0,0.44,4.0,9377.0,0.969,0.2732,0.9817
Sujata,Home&Kitchen,8073.0,0.24,4.6,2751.0,0.7717,0.1004,0.99
iBELL,Home&Kitchen,3890.0,0.59,4.2,156.0,0.7269,0.9169,0.9731
Redmi,Electronics,44999.0,0.27,4.2,45238.0,0.2263,0.5574,0.9836
JBL,Electronics,2999.0,0.33,4.3,63899.0,0.4215,0.832,0.9945
PHILIPS,Home&Kitchen,9995.0,0.28,4.4,1964.0,0.807,0.8415,0.9709
STRIFF,Electronics,499.0,0.8,4.3,42641.0,0.9477,0.4926,0.9851
MR.,Home&Kitchen,2199.0,0.77,2.8,109.0,0.9811,0.9787,0.9117
Multifunctional,Home&Kitchen,1599.0,0.56,4.7,2300.0,0.0,0.8652,0.9594
Zebronics,Computers&Accessories,249.0,0.4,4.0,5057.0,0.5719,0.6249,0.9623
Orient,Home&Kitchen,2485.0,0.44,4.1,19998.0,0.9353,0.8537,0.9072
PHILIPS,Home&Kitchen,11595.0,0.24,4.4,2981.0,0.8478,0.9274,0.9976
Western,Computers&Accessories,7350.0,0.24,4.4,73005.0,-0.1531,0.7906,0.9956
Luxor,OfficeProducts,315.0,0.2,4.5,3785.0,0.0,-0.2732,0.9046
Samsung,Electronics,1899.0,0.68,4.3,140036.0,-0.1779,0.69,0.9144
Belkin,Electronics,1499.0,0.14,4.5,20668.0,0.4215,0.3802,0.2393
Ambrane,Computers&Accessories,499.0,0.6,4.1,602.0,0.6052,0.9591,0.9924
Prolet,Electronics,999.0,0.73,3.7,465.0,0.9062,0.6369,0.9413
boAt,Electronics,1290.0,0.69,4.2,206.0,0.8225,0.4404,0.9464
Ambrane,Computers&Accessories,349.0,0.43,4.0,43993.666666666664,0.3138,0.2382,0.9853
Acer,Electronics,24990.0,0.24,4.3,4702.0,0.9231,0.5574,0.9988
AGARO,Home&Kitchen,2299.0,0.45,4.3,55.0,0.6369,0.9393,0.992
Samsung,Electronics,24999.0,0.32,4.1,22318.0,0.8126,0.6633,0.9998
Sujata,Home&Kitchen,8478.0,0.28,4.6,6550.0,0.6597,0.9136,0.981
Boult,Electronics,1299.0,0.62,3.9,1173.0,0.9638,0.9109,0.9777
VU,Electronics,65000.0,0.42,4.3,3587.0,0.6124,0.4922,0.995
boAt,Computers&Accessories,699.0,0.57,4.2,94363.0,0.9186,0.8689,0.8316
EGate,Electronics,15990.0,0.41,3.9,10480.0,0.8825,0.629,0.9998
Fire-Boltt,Electronics,7999.0,0.75,4.2,31305.0,0.9874,0.8268,-0.9273
Activa,Home&Kitchen,2990.0,0.6,3.8,133.0,0.9694,0.6908,0.8257
KLAM,Computers&Accessories,499.0,0.65,4.1,21.0,0.9383,0.6705,0.9505
Eureka,Home&Kitchen,2499.0,0.16,,992.0,0.4767,0.0,0.9832
MI,Electronics,2199.0,0.07,4.3,178912.0,0.0,0.6249,0.9883
Amazonbasics,Computers&Accessories,1900.0,0.53,4.4,13552.0,0.949,0.5562,0.9934
VW,Electronics,15999.0,0.47,4.3,592.0,0.6249,0.8243,0.8984
Noise,Electronics,3990.0,0.5,4.0,30254.0,0.9231,0.5826,0.7254
SanDisk,Electronics,1000.0,0.43,4.4,67260.5,0.5267,0.9003,0.85
Zebronics,Computers&Accessories,999.0,0.3,3.5,15295.0,0.3818,0.6239,0.926
Duracell,Electronics,200.0,0.42,4.4,357.0,0.0,0.0,0.8715
PrettyKrafts,Home&Kitchen,999.0,0.65,4.0,5380.0,0.9565,0.7003,0.9748
Shakti,Home&Kitchen,9999.0,0.4,4.2,170.0,-0.8442,0.4672,0.982
Acer,Electronics,22990.0,0.46,4.3,1611.0,0.9413,0.9782,0.9985
CARDEX,Home&Kitchen,389.0,0.03,4.2,3739.0,-0.2263,0.7298,0.9813
Bajaj,Home&Kitchen,1020.0,0.36,4.1,3366.0,0.0772,0.1531,0.9285
Pick,Home&Kitchen,1230.0,0.35,4.1,2138.0,0.9045,0.6239,0.9967
OnePlus,Electronics,31999.0,0.22,4.2,34899.0,0.802,0.9131,0.9966
Fire-Boltt,Electronics,11999.0,0.75,4.4,768.0,0.9588,0.9538,0.9906
Eureka,Home&Kitchen,9999.0,0.4,4.2,1191.0,0.9851,0.7958,0.9941
Noise_Colorfit,Electronics,999.0,0.75,4.5,38.0,0.6361,0.5994,0.9844
Acer,Electronics,34990.0,0.31,4.3,4703.0,0.9493,0.5574,0.9988
Logitech,Computers&Accessories,1795.0,0.28,4.1,25771.0,0.9333,-0.2263,0.9744
TP-Link,Computers&Accessories,999.0,0.5,4.2,179691.0,0.8957,0.6808,0.9956
Dealfreez,Electronics,999.0,0.65,4.2,513.0,0.5859,0.6804,0.8874
GILTON,Home&Kitchen,1199.0,0.71,4.3,629.0,0.9611,0.888,0.9915
Samsung,Electronics,14999.0,0.27,4.1,18998.0,0.6808,-0.0379,0.9973
Kanget,Computers&Accessories,399.0,0.63,4.0,1540.0,0.9788,0.4404,0.9535
Noise,Electronics,5999.0,0.58,4.1,5852.0,0.6597,0.7003,0.8518
Saifsmart,Electronics,1299.0,0.73,4.0,3295.0,0.7579,0.2382,0.9883
Croma,Home&Kitchen,1000.0,0.52,4.2,1559.0,0.7269,0.0,0.685
Philips,Home&Kitchen,11995.0,0.27,4.1,4157.0,0.8851,0.2828,0.9947
Pigeon,Home&Kitchen,495.0,0.6,4.1,270563.0,0.3818,0.8805,0.9396
Classmate,OfficeProducts,75.0,0.11,4.1,1269.0,0.5106,0.0762,0.9081
PrettyKrafts,Home&Kitchen,799.0,0.6,4.2,3846.0,0.7964,0.9382,0.9728
Classmate,OfficeProducts,720.0,0.22,4.4,3182.0,0.5106,0.9611,0.9915
Ambrane,Computers&Accessories,399.0,0.55,4.0,1423.0,0.3036,0.9322,0.9511
Zebronics,Electronics,999.0,0.45,3.9,64705.0,0.6808,0.1069,0.9837
Eureka,Home&Kitchen,9999.0,0.45,3.8,4353.0,0.9712,0.9217,0.9778
Fire-Boltt,Electronics,19999.0,0.91,4.2,13937.0,0.91,0.8442,0.9952
Glen,Home&Kitchen,2495.0,0.35,4.1,827.0,0.91,0.883,0.9378
Philips,Home&Kitchen,1545.0,0.14,4.3,15453.0,0.9393,0.886,0.9707
SWAPKART,Electronics,999.0,0.75,3.7,3234.0,0.8805,0.5859,0.9807
Pigeon,Home&Kitchen,4295.0,0.53,3.4,422.0,0.9884,-0.2808,0.8082
Classmate,OfficeProducts,160.0,0.14,4.4,6537.0,0.8934,0.0,0.9666
Hi-Mobiler,Computers&Accessories,799.0,0.68,4.0,2905.0,0.9919,0.2235,0.8905
PHILIPS,Home&Kitchen,3595.0,0.17,4.0,178.0,0.4215,0.0,0.6816
Crompton,Home&Kitchen,1020.0,0.37,4.1,5059.0,0.0,0.4215,0.8804
Croma,Computers&Accessories,1000.0,0.87,3.9,295.0,0.979,0.8587,0.9393
Goodscity,Home&Kitchen,6700.0,0.62,4.2,611.0,0.9167,0.902,0.9982
Pigeon,Home&Kitchen,1345.0,0.48,3.9,8446.0,0.9775,0.34,0.2838
FLiX,Computers&Accessories,199.0,0.7,4.0,9378.0,0.9517,0.2732,0.9817
Airtel,Electronics,2299.0,0.6,4.2,3300.0,0.4299,0.5719,0.2732
Samsung,Electronics,29999.0,0.6,4.3,4744.0,0.7003,0.886,0.9918
Crucial,Computers&Accessories,3100.0,0.41,4.5,92925.0,0.9563,0.877,0.9929
Prestige,Home&Kitchen,1245.0,0.4,3.9,31783.0,0.8625,0.0,-0.4497
PC,Computers&Accessories,1299.0,0.62,4.1,2740.0,0.9801,0.2382,0.8478
Bajaj,Home&Kitchen,940.0,0.47,4.1,3036.0,0.836,0.1263,0.4754
Butterfly,Home&Kitchen,3899.0,0.43,3.9,11004.0,-0.4929,0.2382,0.2382
Butterfly,Home&Kitchen,4999.0,0.36,4.0,20869.0,0.4416,0.4902,0.2023
Artis,Computers&Accessories,3499.0,0.51,3.6,7689.0,-0.6486,0.8591,0.9825
Boat,Computers&Accessories,798.0,0.63,4.4,28791.0,0.9001,0.7701,0.9829
Oraimo,Electronics,1199.0,0.42,4.0,14403.5,0.8957,0.5859,0.8394
TATA,Electronics,2299.0,0.46,4.3,7636.0,0.4939,0.7,0.9801
ZEBRONICS,Electronics,799.0,0.38,3.9,6742.0,0.3612,0.7906,0.8688
DIGITEK®,Electronics,1299.0,0.46,4.3,6183.0,0.985,0.2382,0.9776
Storio,Computers&Accessories,237.0,0.08,3.8,7354.0,0.7845,0.8356,0.9829
Butterfly,Home&Kitchen,1111.0,0.33,4.2,35693.0,-0.2732,0.0,0.9212
KNOWZA,Home&Kitchen,999.0,0.57,4.1,222.0,0.9977,0.9231,0.911
TVARA,Computers&Accessories,600.0,0.59,4.0,1208.0,0.9959,0.8176,0.9931
HP,Electronics,1999.0,0.75,3.7,3369.0,0.9761,0.8309,0.8687
Logitech,Electronics,795.0,0.06,4.0,13797.0,0.8109,0.9214,0.997
HUL,Home&Kitchen,24850.0,0.44,4.4,8948.0,0.9747,0.8316,0.9942
CP,Electronics,4700.0,0.57,3.8,1880.0,0.9833,0.7184,0.9611
Maharaja,Home&Kitchen,1499.0,0.18,4.1,203.0,0.6573,0.8402,0.976
Philips,Home&Kitchen,2095.0,0.12,4.3,7681.0,0.6605,0.7579,0.9745
IONIX,Home&Kitchen,599.0,0.69,3.9,1306.0,0.8101,0.8221,0.9609
Ambrane,Computers&Accessories,399.0,0.25,4.0,2766.0,0.8074,0.296,0.7626
boAt,Electronics,2990.0,0.57,3.8,180998.0,0.9393,0.7609,0.9747
Empty,Home&Kitchen,199.0,0.57,4.1,212.0,0.9042,0.4404,0.899
MI,Electronics,35999.0,0.31,4.2,32840.0,0.8957,0.8176,0.9625
Noise,Electronics,4999.0,0.7,4.0,92588.0,0.9689,0.6908,0.8995
Brayden,Home&Kitchen,1999.0,0.2,4.4,1558.0,0.9624,0.8718,0.9675
Aquadpure,Home&Kitchen,24999.0,0.8,4.6,124.0,0.6124,0.9254,0.9501
Samsung,Electronics,17999.0,0.28,4.1,18998.0,0.6808,-0.0379,0.9973
Cello,Home&Kitchen,595.0,0.5,4.0,314.0,0.8979,0.6801,0.8734
OPPO,Electronics,20990.0,0.26,4.2,32916.0,0.802,0.4235,0.9486
boAt,Electronics,7990.0,0.75,3.8,17831.0,0.9895,0.34,0.999
Amazon,Computers&Accessories,1809.0,0.53,4.3,6547.0,0.4404,0.6688,0.8501
Prestige,Home&Kitchen,1345.0,0.22,3.8,15592.0,0.2732,0.9545,0.956
CARECASE®,Computers&Accessories,799.0,0.75,4.1,7333.0,0.4767,0.5719,0.3206
STRIFF,Electronics,499.0,0.8,4.1,2451.0,0.9477,0.624,0.936
FLiX,Computers&Accessories,199.0,0.71,4.0,9378.0,0.9186,0.2732,0.9817
Morphy,Home&Kitchen,4495.0,0.17,4.3,356.0,0.9776,0.7906,0.9935
MI,Electronics,2499.0,0.4,4.3,15970.0,0.0,0.8122,0.9898
AmazonBasics,Computers&Accessories,1100.0,0.55,4.4,25177.0,0.0,0.636,0.9886
AVNISH,Home&Kitchen,399.0,0.52,3.6,37.0,0.7721,-0.6209,0.6935
Lava,Electronics,1249.0,0.16,3.8,2352.0,0.0,-0.4005,0.723
Classmate,OfficeProducts,165.0,0.0,4.5,1674.0,0.7096,0.8689,-0.0344
Redmi,Electronics,18999.0,0.32,4.1,50772.0,0.4588,0.775,0.9998
Sony,Electronics,139900.0,0.44,4.7,5935.0,0.5423,0.8462,0.9985
Lapster,Computers&Accessories,999.0,0.8,4.2,85.0,0.6369,0.2136,-0.4525
Storite,Computers&Accessories,999.0,0.75,4.3,112.0,0.694,0.6369,-0.6542
oraimo,Computers&Accessories,899.0,0.61,4.5,149.0,0.9852,0.8161,0.9129
Philips,Home&Kitchen,4295.0,0.14,4.1,26543.0,0.9237,0.0,0.6641
Elv,Electronics,1499.0,0.79,4.5,28978.0,0.9663,0.8271,0.984
Camel,Home&Kitchen,230.0,0.13,4.4,10170.0,0.4215,0.4927,0.91
KENT,Home&Kitchen,2100.0,0.29,4.1,6355.0,0.9764,0.7269,0.9485
Havells,Home&Kitchen,6190.0,0.42,4.3,11924.0,-0.8126,0.91,0.9941
Panasonic,Electronics,250.0,0.1,4.4,26556.0,0.0,0.6705,0.8591
Samsung,Electronics,1699.0,0.28,4.4,8891.0,0.9681,0.0,0.7958
7SEVEN®,Electronics,699.0,0.5,3.9,214.0,0.9136,0.8544,0.9611
RC,Computers&Accessories,1999.0,0.73,4.3,1367.0,0.7962,0.802,0.985
Tecno,Electronics,13499.0,0.33,3.8,3145.0,0.93,-0.5307,0.8979
iFFALCON,Electronics,27990.0,0.64,4.2,1269.0,0.9442,0.6597,0.9418
Prestige,Home&Kitchen,4330.0,0.14,3.7,1662.0,0.4588,0.7916,0.6581
InstaCuppa,Home&Kitchen,1499.0,0.33,4.1,1646.0,0.9594,0.7096,0.9776
STRIFF,Electronics,499.0,0.84,4.2,1949.0,0.9751,0.6611,0.9574
Zoul,Computers&Accessories,1099.0,0.65,4.3,974.0,0.875,0.9493,0.96
Ambrane,Computers&Accessories,399.0,0.63,4.0,1423.0,-0.1068,0.9322,0.9511
Fire-Boltt,Electronics,9999.0,0.8,4.3,27704.0,0.9831,0.872,0.9995
Callas,Computers&Accessories,4999.0,0.83,4.0,20457.0,0.9927,0.2263,0.9001
3M,Home&Kitchen,165.0,0.21,3.9,14778.0,0.4019,0.8225,0.8703
Sounce,Computers&Accessories,999.0,0.8,4.0,575.5,0.9806,0.8553,0.9906
Boult,Electronics,9999.0,0.8,3.7,1986.0,0.5248,0.8442,0.9964
Black+Decker,Home&Kitchen,4995.0,0.34,3.8,1393.0,0.6124,0.7992,0.9966
DIGITEK®,Electronics,995.0,0.65,4.2,6676.0,0.1531,0.9042,0.9912
E-COSMOS,Computers&Accessories,59.0,0.0,3.8,5958.0,0.6124,0.3818,0.3125
VU,Electronics,35000.0,0.46,4.0,1001.0,0.8979,0.8608,0.9849
Inventis,Computers&Accessories,39.0,0.0,3.6,13572.0,0.3875,-0.0258,0.7369
ZEBRONICS,Electronics,499.0,0.6,3.6,2492.0,0.9552,0.5009,0.9883
Casio,OfficeProducts,1295.0,0.0,4.5,5760.0,0.8338,0.4404,0.9842
Racold,Home&Kitchen,16899.0,0.49,4.2,3195.0,0.9892,0.8549,0.9489
JBL,Electronics,1499.0,0.47,4.1,53648.0,0.9153,-0.6558,0.8767
boAt,Computers&Accessories,999.0,0.6999999999999998,4.3,20850.0,0.8885,0.6597,0.9853999999999999
Redmi,Electronics,8999.0,0.28,4.0,7807.0,0.4588,0.4684,0.9849
HP,Computers&Accessories,1800.0,0.36,4.3,4723.0,0.4767,0.75,0.9338
Duracell,Electronics,499.0,0.2,4.3,27201.0,0.4939,0.5859,0.9879
Tosaa,Home&Kitchen,350.0,0.26,3.9,13127.0,-0.296,-0.6962,0.1126
Fire-Boltt,Electronics,16999.0,0.76,4.3,17160.5,0.9882,0.8839,0.9995
Wayona,Computers&Accessories,1999.0,0.68,4.2,24269.0,0.6801,0.4404,0.9033
AmazonBasics,Electronics,700.0,0.69,4.4,426972.5,0.2263,0.7056,0.9921
7SEVEN,Electronics,1999.0,0.6,3.0,103.0,0.184,0.5859,-0.5267
Redgear,Computers&Accessories,550.0,0.46,4.6,33434.0,0.796,0.6808,0.9537
"Zebronics,",Computers&Accessories,999.0,0.4,4.0,7601.0,0.6369,0.9112,0.983
RPM,Computers&Accessories,990.0,0.7,4.5,2453.0,0.9912,0.4939,0.9714
Redmi,Electronics,15999.0,0.13,3.9,2180.0,0.6908,0.6486,0.6689
Lapster,Computers&Accessories,999.0,0.65,3.9,817.0,0.7926,-0.6182,0.9923
akiara,Home&Kitchen,1499.0,0.52,3.1,2449.0,0.9839,0.8678,0.9863
Cubetek,Electronics,3100.0,0.36,4.0,897.0,0.9691,0.6829,0.4988
Solidaire,Home&Kitchen,2800.0,0.41,3.9,2162.0,0.5719,0.5458,0.296
LS,Computers&Accessories,999.0,0.8,4.3,87.0,0.0,0.4404,0.9495
Mobilife,Electronics,1399.0,0.57,4.1,14560.0,0.9762,0.4939,0.9266
Wipro,Home&Kitchen,1100.0,0.4,3.6,91.0,-0.3182,0.7184,0.7906
Portronics,Computers&Accessories,2699.0,0.3,4.3,17394.0,0.9577,0.6588,0.9977
Parker,OfficeProducts,450.0,0.24,4.3,2493.0,0.9538,0.8689,0.936
Sounce,Electronics,999.0,0.88,3.9,6491.0,0.9001,0.8439,0.5127
Lenovo,Computers&Accessories,1090.0,0.47,4.4,3482.0,0.9099,0.4284,0.9803
iQOO,Electronics,20999.0,0.26,4.1,19253.0,0.9552,0.7003,0.9726
Philips,Home&Kitchen,8995.0,0.28,4.3,2810.0,0.7869,0.9646,0.9995
STRIFF,Computers&Accessories,999.0,0.55,4.0,2102.0,0.1406,0.0,0.6576
Zuvexa,Home&Kitchen,999.0,0.58,4.4,227.0,0.7351,0.9294,0.9841
Pigeon,Home&Kitchen,1245.0,0.48,3.9,123365.0,0.9748,-0.1027,0.9681
Duracell,Computers&Accessories,699.0,0.47,4.2,387.0,0.8126,0.7249,0.9743
Spigen,Electronics,2899.0,0.66,4.6,6129.0,0.5574,0.7028,0.998
HP,Computers&Accessories,3499.0,0.57,4.3,408.0,0.91,0.9565,0.9972
Firestick,Electronics,2499.0,0.48,3.3,73.0,0.5574,-0.5145,0.9107
Candes,Home&Kitchen,2999.0,0.64,3.5,57.0,0.9809,0.9477,0.96
Amazfit,Electronics,7999.0,0.25,4.2,30355.0,0.7269,0.9019,0.9991
PrettyKrafts,Home&Kitchen,899.0,0.61,4.1,1051.0,0.9571,0.6908,0.9743
Verilux®,Computers&Accessories,1929.0,0.38,4.1,1662.0,0.9855,0.6705,0.9587
Boult,Electronics,5999.0,0.82,3.5,12966.0,0.5248,0.3614,0.9448
boAt,Electronics,3990.0,0.65,4.1,141841.0,0.8147,0.3182,0.999
Boult,Electronics,4499.0,0.8,3.8,103052.0,0.8538,-0.5091,0.9998
Samsung,Electronics,69900.0,0.34,4.3,7109.0,0.7096,0.4019,0.9984
ROYAL,Home&Kitchen,2199.0,0.77,3.7,53.0,0.9844,-0.1546,0.9698
SaleOn™,Computers&Accessories,899.0,0.56,4.0,3025.0,0.9548,0.8625,0.8371
Morphy,Home&Kitchen,13999.0,0.53,4.0,2961.0,0.8934,0.5321,-0.8605
Redgear,Computers&Accessories,2999.0,0.34,4.3,14237.0,0.8836,0.5719,0.9747
Havells,Home&Kitchen,2360.0,0.15,4.2,7801.0,0.3818,-0.802,-0.7768
BRUSTRO,OfficeProducts,99.0,0.0,4.3,388.0,0.5106,0.7003,0.9359
Amazon,Home&Kitchen,1299.0,0.42,4.0,119.0,0.7506,0.8389,0.8845
boAt,Electronics,2490.0,0.66,4.2,91188.0,0.9744,0.9635,0.9813
EN,Electronics,499.0,0.58,3.6,104.0,0.9734,0.9109,0.9081
boAt,Electronics,7990.0,0.71,4.2,69620.5,0.6688,0.9115,0.9809
Samsung,Electronics,52900.0,0.41,4.3,7109.0,0.8957,0.4019,0.9984
Mi,Electronics,2199.0,0.48,4.3,178912.0,0.4404,0.6249,0.9883
AmazonBasics,Home&Kitchen,3300.0,0.39,4.2,780.0,0.9349,0.8225,0.9467
Crompton,Home&Kitchen,2300.0,0.35,3.8,95.0,0.9493,0.7784,0.3612
Portable,Home&Kitchen,799.0,0.78,3.5,132.0,0.8658,0.2547,0.9503
iPhone,Electronics,3990.0,0.8,3.8,119.0,0.8555,0.9312,0.9581
Redmi,Electronics,11999.0,0.25,4.0,12796.0,0.4588,0.0,-0.0516
Havells,Home&Kitchen,3045.0,0.28,4.2,2686.0,0.6808,0.8268,0.9813
Duracell,Electronics,200.0,0.42,4.3,485.0,0.0,0.6077,0.7687
Portronics,Electronics,999.0,0.4,4.0,18654.0,0.9499,-0.4184,0.9069
Tata,Electronics,499.0,0.54,3.7,2960.0,0.0,0.2144,0.5719
Kitchenwell,Home&Kitchen,239.0,0.0,4.3,7.0,0.4393,0.3377,0.9907
Tokdis,Electronics,3499.0,0.74,3.0,681.0,0.8709,0.7906,0.7245
InstaCuppa,Home&Kitchen,1499.0,0.27,4.1,4401.0,0.9516,0.6114,0.9969
Bajaj,Home&Kitchen,1639.0,0.14,3.7,787.0,0.9868,0.2354,-0.9552
10WeRun,Electronics,1899.0,0.74,4.1,412.0,0.9738,0.9432,0.984
LRIPL,Electronics,399.0,0.0,3.9,1951.0,0.3182,0.6124,-0.3434
ZORBES®,Electronics,1052.0,0.15,4.3,106.0,0.9032,0.822,0.958
Crompton,Home&Kitchen,4780.0,0.46,3.9,898.0,0.967,0.7263,0.871
Candes,Home&Kitchen,6299.0,0.48,3.9,2569.0,0.9918,-0.3252,0.4767
Acer,Computers&Accessories,13750.0,0.54,4.2,2014.0,0.8074,0.8316,0.9748
Portronics,Electronics,699.0,0.52,4.2,4969.0,0.9648,0.836,0.9278
Butterfly,Home&Kitchen,5156.0,0.29,3.9,12837.0,-0.296,0.0,0.8966
Usha,Home&Kitchen,640.0,0.2,4.1,7229.0,0.5574,0.6486,0.8885
TP-LINK,Computers&Accessories,1399.0,0.54,4.2,179691.0,0.91,0.6808,0.9956
Mi,Electronics,34999.0,0.43,4.3,27151.0,0.9829,0.7633,0.9998
Gadgetronics,Home&Kitchen,2999.0,0.73,4.5,63.0,0.886,0.765,0.9712
Croma,Home&Kitchen,2500.0,0.48,4.0,6530.0,0.7553,0.5574,0.9412
FLiX,Computers&Accessories,599.0,0.7,4.0,9378.0,0.8979,0.2732,0.9817
White,Home&Kitchen,499.0,0.6,3.3,12.0,0.9755,0.4201,0.8246
SanDisk,Electronics,700.0,0.47,4.4,67259.0,0.5267,0.9003,0.85
CSI,Home&Kitchen,2499.0,0.58,3.6,328.0,0.8275,0.3291,-0.0462
ProElite,Computers&Accessories,1499.0,0.63,4.3,11006.0,0.9833,0.8591,0.9954
Fire-Boltt,Electronics,9999.0,0.78,4.2,29474.5,0.9839,0.9449000000000001,0.997
pTron,Computers&Accessories,931.0,0.73,3.9,1075.0,0.8335,0.8126,0.836
Ambrane,Computers&Accessories,399.0,0.55,4.0,1423.0,0.3036,0.9322,0.9511
Noise,Electronics,4999.0,0.5,3.9,7571.0,0.7506,0.6369,0.9815
Gizga,Computers&Accessories,1099.0,0.76,4.1,1092.0,0.9682,0.6908,0.991
boAt,Electronics,5999.0,0.8,3.9,47521.0,0.9423,0.5106,0.7348
Borosil,Home&Kitchen,18990.0,0.5,4.2,79.0,0.9943,0.9442,0.9986
Crompton,Home&Kitchen,2349.0,0.38,3.9,9019.0,0.8271,0.0,0.6249
Prestige,Home&Kitchen,1445.0,0.48,3.9,63350.0,0.9062,0.0,0.9473
Camel,Home&Kitchen,230.0,0.0,4.5,9427.0,0.7717,0.9612,0.9347
AmazonBasics,Computers&Accessories,899.0,0.61,4.1,14896.0,0.5149,0.2878,0.9867
AirCase,Computers&Accessories,999.0,0.55,4.3,9701.0,0.9153,0.774,0.7767
Zinq,Computers&Accessories,2999.0,0.6,4.1,10725.0,0.7906,0.4939,0.9943
boAt,Computers&Accessories,1749.0,0.54,4.1,5626.0,0.0,-0.4753,0.4588
Fire-Boltt,Electronics,9999.0,0.6,4.4,73.0,0.9698,0.6808,0.9747
boAt,Electronics,999.0,0.62,4.1,363713.0,0.9949,0.8978,0.9808
LAPSTER,Computers&Accessories,999.0,0.9,4.1,8751.0,0.9473,0.6486,0.9764
iQOO,Electronics,39990.0,0.25,4.3,8399.0,0.9919,0.7003,0.9984
boAt,Computers&Accessories,999.0,0.15,4.1,6736.0,-0.128,0.7964,0.8725
Spigen,Electronics,2899.0,0.66,4.7,7779.0,0.1027,0.8356,0.9961
Macmillan,Home&Kitchen,1499.0,0.86,3.9,1004.0,0.4404,0.6597,0.886
INKULTURE,Home&Kitchen,699.0,0.6,4.3,2326.0,0.9861,0.4404,0.9159
Lifelong,Home&Kitchen,1300.0,0.29,3.9,1672.0,0.7964,0.9245,0.9973
ZEBRONICS,Computers&Accessories,1300.0,0.5,4.1,5195.0,0.0,0.743,0.9575
Classmate,OfficeProducts,160.0,0.02,4.5,8618.0,0.8934,0.1265,0.9748
Bajaj,Home&Kitchen,1400.0,0.55,4.2,23316.0,-0.694,0.5499,0.7317
TVARA,Computers&Accessories,1500.0,0.76,4.0,1026.0,0.9787,0.9459,0.984
Cotbolt,Electronics,1999.0,0.8,4.5,505.0,0.8908,0.8344,0.8727
Philips,Home&Kitchen,3295.0,0.12,4.3,2299.0,0.5279,0.4215,0.9594
Goldmedal,Electronics,171.0,0.42,4.5,11339.0,0.0,0.8513,0.9522
Lifelong,Home&Kitchen,3398.0,0.5,3.8,7988.0,0.7906,0.6705,0.7509
Ambrane,Electronics,2499.0,0.28,4.1,18678.0,0.836,0.0,0.9981
Bajaj,Home&Kitchen,2199.0,0.32,4.4,6531.0,0.6044,0.0,0.9751
Tukzer,Computers&Accessories,899.0,0.53,4.5,4219.0,0.9725,0.7494,0.9967
SanDisk,Computers&Accessories,1350.0,0.62,4.3,30058.0,0.6114,0.8519,0.9923
boAt,Computers&Accessories,499.0,0.6,4.1,13045.0,0.9217,-0.003949999999999995,-0.23054999999999998
Cookwell,Home&Kitchen,6000.0,0.59,4.1,8866.0,0.886,0.8519,0.9967
SoniVision,Electronics,499.0,0.58,4.0,479.0,0.5574,0.7035,0.9072
King,Computers&Accessories,999.0,0.65,3.5,1121.0,0.7334,0.765,0.6475
Swiffer,Home&Kitchen,1999.0,0.28,4.8,53803.0,0.9551,0.6428,0.9349
Zebronics,Electronics,1999.0,0.6,3.7,418.0,0.3612,0.5994,0.9767
Foxin,Computers&Accessories,1150.0,0.48,4.1,2535.0,0.9062,0.34,0.3716
Prestige,Home&Kitchen,3945.0,0.32,4.0,15034.0,0.1779,0.8146,0.7912
Usha,Home&Kitchen,1690.0,0.29,4.2,4580.0,0.872,0.875,0.9206
Casio,OfficeProducts,550.0,0.05,4.4,12179.0,0.6597,0.6588,0.8032
Crompton,Home&Kitchen,1100.0,0.41,4.0,3271.0,0.9541,0.0,0.4404
Duracell,Electronics,599.0,0.2,4.3,11687.0,0.6369,0.1406,0.8656
TCL,Electronics,51990.0,0.52,4.2,2951.0,0.8126,0.8834,0.3818
AmazonBasics,Electronics,595.0,0.62,4.3,12835.0,0.6486,0.8225,-0.2621
boAt,Electronics,4999.0,0.64,4.1,55192.0,0.8074,0.8054,0.9954
realme,Computers&Accessories,399.0,0.38,4.0,6558.0,0.25,0.8519,0.9108
Bajaj,Home&Kitchen,9650.0,0.48,4.2,1772.0,0.0253,0.6801,0.9932
Mi,Electronics,29999.0,0.27,4.2,32840.0,0.8779,0.8176,0.9625
Pinnaclz,Computers&Accessories,499.0,0.7,4.0,7732.0,0.8807,0.6478,0.9691
AMERICAN,Home&Kitchen,11850.0,0.25,4.2,3065.0,0.9881,0.8934,0.9998
Astigo,Electronics,899.0,0.67,3.8,425.0,0.7579,0.4404,0.8334
Amazon,Electronics,600.0,0.65,4.4,18872.0,0.8225,0.7509,0.9388
Fire-Boltt,Electronics,9999.0,0.8,4.3,27696.0,0.9831,0.872,0.9995
Bulfyss,Home&Kitchen,1999.0,0.45,4.0,604.0,0.9936,0.8922,0.995
Lava,Computers&Accessories,449.0,0.71,3.7,41.0,0.836,-0.7414,0.1007
Portronics,Computers&Accessories,399.0,0.61,4.2,16905.0,0.9578000000000001,0.4926,0.9809
Tom,Home&Kitchen,899.0,0.61,3.9,296.0,0.9638,0.6597,0.9797
Smashtronics®,Electronics,399.0,0.5,4.2,1335.0,0.0232,0.4457,0.7962
Karcher,Home&Kitchen,10999.0,0.44,4.2,10429.0,0.8445,0.8151,0.9755
Fire-Boltt,Electronics,9999.0,0.8,4.3,27702.5,0.9825,0.872,0.9995
HP,Computers&Accessories,1300.0,0.65,4.2,4959.0,0.9117,0.6344,0.9332
Philips,Home&Kitchen,9995.0,0.1,4.4,17994.0,0.802,0.7385,0.9995
Logitech,Computers&Accessories,895.0,0.33,4.4,61314.0,0.9674,0.5086,0.9981
boAt,Computers&Accessories,499.0,0.65,4.1,15188.666666666666,0.9081,-0.2584,0.8735
Pigeon,Home&Kitchen,3595.0,0.5,3.8,9791.0,0.9287,0.9118,0.9231
Redmi,Electronics,24999.0,0.2,3.9,25824.0,0.9701,0.6956,0.9985
Noise,Electronics,6499.0,0.57,4.1,38879.0,0.9731,0.4678,0.8573
realme,Electronics,699.0,0.43,4.0,37817.0,0.9022,0.9169,0.9565
AmazonBasics,Home&Kitchen,3300.0,0.4,4.1,5873.0,0.8807,0.5574,0.9814
Acer,Electronics,19990.0,0.42,4.3,4703.0,0.9485,0.5574,0.9988
Amazon,Computers&Accessories,1999.0,0.6,4.2,8583.0,0.6908,0.5423,0.9275
Kuber,Home&Kitchen,399.0,0.5,3.7,7945.0,-0.5574,-0.4404,0.9678
LG,Electronics,49990.0,0.38,4.3,1376.0,0.9652,0.7343,0.934
boAt,Computers&Accessories,799.0,0.63,4.2,94363.5,0.9136,0.8689,0.8316
BlueRigger,Electronics,599.0,0.31,4.2,30023.0,0.8519,0.6486,0.9457
Havells,Home&Kitchen,4560.0,0.43,4.4,646.0,0.8442,0.4404,0.9934
HUL,Home&Kitchen,980.0,0.0,4.2,4740.0,0.6124,0.4404,0.5423
Portronics,Computers&Accessories,1499.0,0.23,4.1,10443.0,0.0,0.9397,0.9894
Belkin,Computers&Accessories,849.0,0.29,4.5,474.0,0.9482,0.4404,0.9763
TP-Link,Computers&Accessories,1899.0,0.42,4.5,22420.0,0.8979,0.3919,0.9919
Airtel,Computers&Accessories,3250.0,0.35,3.8,11213.0,0.9646,-0.6249,-0.8254
Kitchen,Home&Kitchen,499.0,0.41,4.1,4238.0,0.7096,0.281,0.964
Wipro,Home&Kitchen,1790.0,0.41,4.3,1404.0,0.9423,0.4927,0.9743
KENT,Home&Kitchen,2000.0,0.4,4.0,14030.0,0.0,0.9354,0.9829
AmazonBasics,Computers&Accessories,1999.0,0.53,4.4,13552.0,0.8271,0.5562,0.9934
7SEVEN®,Electronics,899.0,0.56,3.9,254.0,0.9602,0.7219,0.3821
USHA,Home&Kitchen,1190.0,0.48,4.1,37126.0,0.6705,0.2023,0.9617
Casio,OfficeProducts,440.0,0.0,4.5,8610.0,0.7667,0.7178,0.7958
BlueRigger,Electronics,599.0,0.22,4.4,44054.0,0.9217,0.8065,0.8885
FEDUS,Computers&Accessories,499.0,0.42,4.4,8076.0,0.9572,0.8618,0.9106
Crompton,Home&Kitchen,2400.0,0.18,4.0,237.0,-0.2732,0.6902,0.8294
BAJAJ,Home&Kitchen,1620.0,0.41,4.1,4370.0,0.3612,0.2724,0.9957
Room,Home&Kitchen,1989.0,0.6,4.3,70.0,0.9231,0.4404,0.9929
Philips,Home&Kitchen,5995.0,0.29,3.8,2112.0,0.8402,0.8261,0.9393
Amazon,Computers&Accessories,700.0,0.69,4.3,20052.666666666668,0.4635,0.9167,0.9815
R,Home&Kitchen,1999.0,0.8,4.1,257.0,0.9942,0.8402,0.9311
Samsung,Electronics,22900.0,0.41,4.3,16299.0,0.8519,0.3521,-0.8476
Boult,Electronics,5499.0,0.75,3.9,9504.0,0.4382,0.9287,0.9837
boAt,Electronics,7990.0,0.62,4.1,154.0,0.9755,0.7728,0.9936
Pinnaclz,Computers&Accessories,499.0,0.77,4.0,7732.0,0.8316,0.6478,0.9691
Tecno,Electronics,12999.0,0.35,4.1,6662.0,0.8126,0.7574,-0.1435
Samsung,Electronics,11999.0,0.21,4.2,284.0,0.6808,0.8816,0.9977
Bajaj,Home&Kitchen,15999.0,0.4,4.1,1017.0,0.9612,0.6174,0.9954
JBL,Electronics,999.0,0.5,3.9,92995.0,0.9812,0.7176,0.9991
Eureka,Home&Kitchen,500.0,0.49,4.3,2664.0,-0.4939,0.4404,0.4404
Western,Computers&Accessories,5734.0,0.22,4.4,25006.0,0.5106,0.6369,0.9613
Samsung,Electronics,13499.0,0.22,4.2,284.0,0.6808,0.8816,0.9977
AmazonBasics,Computers&Accessories,1600.0,0.59,4.3,5451.0,0.9027,0.7003,0.8316
Portronics,Electronics,699.0,0.81,4.1,16685.0,0.8713,0.4404,0.7964
Samsung,Electronics,499.0,0.0,4.2,31539.0,0.0,0.6597,0.9593
Redgear,Computers&Accessories,1799.0,0.58,4.0,13199.0,0.9022,0.1027,0.9892
Wings,Computers&Accessories,5499.0,0.78,3.8,2043.0,0.6758,0.9382,0.9962
VR,Home&Kitchen,89.0,0.0,4.2,19621.0,0.9682,0.6908,0.9679
Orpat,Home&Kitchen,970.0,0.21,4.2,6055.0,0.8271,0.8217,0.9859
MI,Computers&Accessories,399.0,0.13,4.4,18757.0,0.0,0.8916,0.9697999999999999
AGARO,Home&Kitchen,5799.0,0.43,4.3,168.0,0.9531,0.6597,0.9512
TP-Link,Computers&Accessories,5499.0,0.66,4.2,49551.0,0.8402,0.7783,0.9961
Logitech,Computers&Accessories,2895.0,0.31,4.6,10760.0,0.8885,0.7861,0.996
Redmi,Electronics,18999.0,0.32,4.1,50772.0,0.4588,0.775,0.9998
StyleHouse,Home&Kitchen,999.0,0.54,4.1,3578.0,0.9808,0.7964,0.9597
VW,Electronics,12999.0,0.46,4.2,4003.0,0.9001,0.5499,0.9516
Syska,Home&Kitchen,799.0,0.43,4.3,1868.0,0.4215,-0.1655,0.9371
Swiss,Home&Kitchen,2890.0,0.46,3.9,463.0,0.9001,0.0377,-0.3662
Raffles,Home&Kitchen,400.0,0.38,4.1,693.0,0.0,0.0,0.0148
Instant,Home&Kitchen,20049.0,0.75,4.8,3964.0,0.9768,0.8658,0.998
Usha,Home&Kitchen,1390.0,0.48,4.0,4867.0,0.9726,0.7598,0.122
Cablet,Computers&Accessories,775.0,0.36,4.3,74.0,0.9667,0.8658,0.978
V-Guard,Home&Kitchen,8500.0,0.24,4.4,5865.0,0.9342,0.7003,0.8834
Logitech,Computers&Accessories,2295.0,0.41,4.2,17413.0,0.9841,0.6249,0.9986
Sujata,Home&Kitchen,747.0,0.08,4.5,2280.0,0.2263,0.872,0.9714
Flix,Electronics,599.0,0.58,3.9,2147.0,0.9403,0.7125,0.9366
SanDisk,Electronics,3500.0,0.43,4.4,67260.0,0.5267,0.9003,0.85
AirCase,Computers&Accessories,999.0,0.55,4.4,9940.0,0.9153,0.2942,0.9721
Tata,Electronics,599.0,0.66,3.6,339.0,0.9519,0.1779,0.9421
Duracell,Electronics,1699.0,0.49,4.4,1680.0,0.3182,0.5399,0.9545
Ambrane,Computers&Accessories,299.0,0.33,4.0,43994.0,0.3138,0.2382,0.9853
Zebronics,Computers&Accessories,1599.0,0.19,4.3,27223.0,0.0,0.8151,0.9834
FYA,Home&Kitchen,3199.0,0.17,3.9,260.0,0.9966,0.8271,0.9974
Parker,OfficeProducts,600.0,0.2,4.3,5719.0,0.9389,0.9108,0.9827
Amazon,Home&Kitchen,2400.0,0.5,4.1,618.0,0.8834,0.7783,0.9957
Gizga,Electronics,499.0,0.4,4.2,24432.0,0.9726,0.1397,0.9441
Havells,Home&Kitchen,4005.0,0.28,4.3,7140.0,0.6808,0.8779,0.8705
WeCool,Electronics,3999.0,0.55,4.6,245.0,0.9439,0.6933,0.9942
Robustrion,Computers&Accessories,1499.0,0.73,4.1,5730.0,0.9703,0.8674,0.99
COI,OfficeProducts,800.0,0.75,4.1,9344.0,-0.5574,0.5859,0.9721
Amazon,Computers&Accessories,1999.0,0.65,4.1,178817.0,0.9186,0.0,0.7791
Bajaj,Home&Kitchen,1549.0,0.1,3.9,2602.0,0.9612,0.4404,0.2732
Bajaj,Home&Kitchen,625.0,0.2,4.2,5355.0,0.836,-0.1875,0.9384
Wipro,Home&Kitchen,1950.0,0.46,3.8,250.0,0.4767,0.7845,0.9331
Samsung,Electronics,17999.0,0.28,4.1,18998.0,0.6808,-0.0379,0.9973
Hisense,Electronics,44990.0,0.53,4.1,1259.0,0.9509,0.4404,0.9986
Lenovo,Computers&Accessories,1390.0,0.55,4.4,6301.0,0.875,-0.4497,0.2834
Havells,Home&Kitchen,1295.0,0.44,4.2,17218.0,-0.2732,0.8766,0.5014
Boult,Electronics,2499.0,0.74,3.9,13049.0,0.9274,-0.5684,0.9992
Classmate,OfficeProducts,120.0,0.0,4.5,4951.0,0.5106,0.7003,0.9707
Samsung,Electronics,19499.0,0.28,4.1,18998.0,0.6808,-0.0379,0.9973
FABWARE,Home&Kitchen,499.0,0.4,4.4,290.0,0.9971,0.3919,0.989
Prestige,Home&Kitchen,1299.0,0.0,4.2,40106.0,0.3182,0.0,0.994
Morphy,Home&Kitchen,7795.0,0.58,4.2,4664.0,0.9101,0.0,0.9921
Campfire,Home&Kitchen,3500.0,0.57,4.7,2591.0,-0.3164,0.1646,0.8885
Lapster,Computers&Accessories,999.0,0.8,4.2,362.0,0.5994,0.0258,0.9837
INALSA,Home&Kitchen,2695.0,0.39,4.4,6027.0,0.9845,0.5106,0.9854
Havells,Home&Kitchen,14290.0,0.51,4.4,1771.0,0.7579,0.4798,0.9746
Havells,Home&Kitchen,2995.0,0.46,4.5,23484.0,0.1027,0.793,0.9638
AmazonBasics,Electronics,1200.0,0.59,4.4,69538.0,0.8625,0.4678,0.958
Wayona,Computers&Accessories,1299.0,0.65,4.2,24269.0,0.9154,0.4404,0.9033
Tuarso,Electronics,1999.0,0.7,4.2,47.0,0.9677,0.6808,0.8591
ACTIVA,Home&Kitchen,1990.0,0.45,3.9,5911.0,0.765,0.9022,0.9488
Philips,Home&Kitchen,5295.0,0.39,4.2,39724.0,0.5256,-0.631,0.9963
MI,Electronics,9999.0,0.21,4.3,1376.0,0.0,-0.6593,0.629
Lifelong,Home&Kitchen,5550.0,0.62,4.0,5292.0,0.8074,0.6746,0.9479
OnePlus,Electronics,59999.0,0.28,4.1,6753.0,0.8834,0.0,0.849
FIGMENT,Home&Kitchen,1599.0,0.56,4.7,1729.0,0.9104,0.6808,0.9048
Borosil,Home&Kitchen,1440.0,0.18,4.2,1527.0,0.7506,0.6428,0.9425
Dell,Computers&Accessories,650.0,0.54,4.5,33176.0,0.5267,0.2617,-0.838
USHA,Home&Kitchen,990.0,0.39,3.9,16166.0,0.9393,0.4404,0.7906
MI,Computers&Accessories,299.0,0.4,3.9,81.0,0.0,0.4168,0.8045
ESR,Computers&Accessories,1599.0,0.23,4.5,16680.0,0.9477,0.8555,0.9823
AmazonBasics,Home&Kitchen,6000.0,0.37,4.2,11935.0,0.7351,0.9522,0.9954
Portronics,Computers&Accessories,799.0,0.38,4.3,2125.0,0.802,0.5242,0.959
Zebronics,Computers&Accessories,1499.0,0.43,4.0,7352.0,0.734,0.4215,0.9848
Classmate,OfficeProducts,50.0,0.0,4.3,5792.0,0.5267,0.802,0.9735
iQOO,Electronics,34999.0,0.17,4.4,20311.0,0.7579,0.0772,0.9985
Seagate,Computers&Accessories,4999.0,0.18,4.5,50810.0,0.6124,-0.1027,0.6757
Morphy,Home&Kitchen,5795.0,0.17,3.9,3815.0,0.8236,0.5423,0.9989
Lapster,Computers&Accessories,999.0,0.8,4.1,425.0,-0.6249,0.4404,0.9636
LG,Home&Kitchen,75990.0,0.43,4.3,3231.0,0.9448,-0.1154,0.9904
Portronics,Computers&Accessories,1499.0,0.69,4.1,352.0,0.9944,0.8873,0.9893
Lifelong,Home&Kitchen,2000.0,0.5,3.8,1163.0,-0.5106,0.8647,0.9182
KENT,Home&Kitchen,2999.0,0.55,3.8,441.0,0.9686,0.905,0.5059
Wayona,Computers&Accessories,1099.0,0.64,4.2,24269.0,0.6801,0.4404,0.9033
PROLEGEND®,Electronics,4500.0,0.59,4.0,184.0,0.9623,0.4556,0.9719
Cello,Home&Kitchen,1899.0,0.37,4.2,3858.0,0.5994,0.5627,0.9383
KENT,Home&Kitchen,2900.0,0.45,3.7,441.0,0.8074,0.2617,0.9649
iQOO,Electronics,20999.0,0.21,4.0,21350.0,0.9758,0.2023,0.9385
boAt,Electronics,2990.0,0.53,4.1,97174.5,0.8519,0.8126,0.9991
Airtel,Electronics,499.0,0.61,3.8,136.0,0.0431,0.8834,0.9118
REDTECH,Computers&Accessories,999.0,0.75,5.0,,0.9512,0.6249,0.0
Gizga,Computers&Accessories,800.0,0.66,3.6,10134.0,0.8689,-0.3919,0.9036
Acer,Electronics,47990.0,0.31,4.3,4703.0,0.9493,0.5574,0.9988
Themisto,Home&Kitchen,1999.0,0.62,4.3,532.0,0.8716,0.6597,0.9921
PIDILITE,Home&Kitchen,225.0,0.15,4.4,7203.0,0.9761,0.7841,0.994
Fire-Boltt,Electronics,9999.0,0.85,4.2,22638.0,0.8271,-0.5423,0.9921
Wayona,Computers&Accessories,1099.0,0.64,4.2,24269.333333333332,0.9154,0.44040000000000007,0.9033000000000001
INALSA,Home&Kitchen,1595.0,0.56,4.1,8090.0,0.9836,0.91,0.9823
Pigeon,Home&Kitchen,1545.0,0.48,3.7,976.0,0.9761,0.7003,0.9889
AGARO,Electronics,495.0,0.72,4.3,14185.0,0.4215,0.8399,0.8852
Philips,Home&Kitchen,8995.0,0.04,4.4,9734.0,0.3612,0.9393,0.9623
Elv,Electronics,599.0,0.85,4.3,2351.0,0.9635,0.0,0.947
Eureka,Home&Kitchen,3799.0,0.26,3.9,32931.0,0.7003,0.7003,0.9841
OnePlus,Electronics,21999.0,0.27,4.2,34899.0,0.8658,0.9131,0.9966
Samsung,Electronics,25999.0,0.29,4.1,22318.0,0.8658,0.6633,0.9998
boAt,Computers&Accessories,699.0,0.5,4.3,20850.0,0.8225,0.6597,0.9849
Wecool,Computers&Accessories,1499.0,0.77,4.2,656.0,0.7579,-0.3971,0.9651
Bajaj,Home&Kitchen,875.0,0.11,4.2,46647.0,0.91,0.6808,0.9822
Zebronics,Computers&Accessories,549.0,0.75,3.9,61.0,0.9477,0.0,0.6486
7SEVEN®,Electronics,1999.0,0.6,3.3,576.0,0.9815,0.6124,0.2981
HP,Computers&Accessories,2199.0,0.36,3.9,427.0,0.9231,0.9398,0.9885
Inalsa,Home&Kitchen,1395.0,0.3,4.2,15252.0,0.99,0.8481,0.9421
Redgear,Computers&Accessories,3999.0,0.58,4.2,25488.0,0.5423,0.1146,0.9978
Usha,Home&Kitchen,4000.0,0.48,4.2,11199.0,0.1779,0.8294,0.1154
Orpat,Home&Kitchen,899.0,0.16,4.2,18462.0,0.7985,0.4767,0.9418
Milk,Home&Kitchen,999.0,0.62,3.6,1988.0,0.9874,0.8999,0.9945
SanDisk,Electronics,2400.0,0.73,4.4,67260.0,0.5267,0.9003,0.85
Wayona,Computers&Accessories,999.0,0.66,4.3,6255.0,0.9545,0.4404,0.9448
POCO,Electronics,11999.0,0.29,3.9,276.0,0.0,0.7096,0.383
7SEVEN®,Electronics,2999.0,0.54,3.3,227.0,-0.9413,0.2382,0.273
Redmi,Electronics,11999.0,0.25,4.0,12796.0,0.4588,0.0,-0.0516
Pilot,OfficeProducts,100.0,0.1,4.1,6199.0,0.9488,0.9578,0.991
boAt,Electronics,3990.0,0.62,4.1,109864.0,0.9477,-0.0862,0.9998
boAt,Electronics,4990.0,0.64,4.2,41226.0,0.9153,0.5487,0.9989
MI,Computers&Accessories,299.0,0.23,4.3,30411.0,0.0,0.8807,0.9334000000000001
HP,Computers&Accessories,761.0,0.06,4.0,7199.0,0.0,0.2382,0.8559
Bajaj,Home&Kitchen,6375.0,0.49,4.0,4978.0,0.5267,0.2952,0.9753
URBN,Electronics,3999.0,0.46,4.0,8380.0,0.8442,0.0,0.8861
PRUSHTI,Electronics,499.0,0.6,3.8,538.0,0.8625,0.0516,0.9531
Lifelong,Home&Kitchen,3500.0,0.66,4.3,1802.0,0.7096,0.6908,0.9933
Pigeon,Home&Kitchen,3193.0,0.47,3.8,54032.0,0.9001,0.6408,0.4939
DIGITEK®,Electronics,995.0,0.6,3.9,21372.0,0.9891,0.5747,0.9912
ELV,Electronics,999.0,0.65,3.9,46399.0,0.9153,0.7785,0.9894
Posh,Electronics,999.0,0.83,4.3,1237.0,0.0,0.765,0.5106
Qubo,Electronics,3990.0,0.38,4.1,3606.0,0.9833,0.8011,0.9822
KNYUC,Home&Kitchen,999.0,0.22,3.3,8.0,0.7964,0.4217,0.8151
Zoul,Computers&Accessories,1099.0,0.69,4.3,974.0,0.875,0.9493,0.96
!!1000,Home&Kitchen,1599.0,0.51,4.5,11.0,0.9023,0.8519,0.9571
KENT,Home&Kitchen,1975.0,0.14,4.1,4716.0,0.9652,0.2382,0.9886
Apsara,Home&Kitchen,99.0,0.0,4.3,5036.0,0.2023,0.0,0.9294
Samsung,Electronics,19499.0,0.28,4.1,18998.0,0.6808,-0.0379,0.9973
Bajaj,Home&Kitchen,785.0,0.24,4.2,24247.0,0.3612,0.9299,0.9315
Toshiba,Electronics,34990.0,0.37,4.3,1657.0,0.9403,0.6697,0.9432
EYNK,Computers&Accessories,799.0,0.63,4.0,151.0,-0.1027,0.7345,0.964
Amazon,Electronics,1400.0,0.78,4.4,426973.0,0.7717,0.7056,0.9921
Eveready,Electronics,180.0,0.12,4.3,989.0,-0.5267,0.886,0.8271
iQOO,Electronics,20999.0,0.26,4.1,19252.0,0.9552,0.7003,0.9726
Camel,Home&Kitchen,310.0,0.0,4.5,5882.0,0.0,0.7177,0.8591
Ambrane,Computers&Accessories,499.0,0.64,4.0,1933.5,0.8639,0.5647,0.9695
KINGONE,Electronics,5999.0,0.65,4.3,17129.0,-0.156,0.7178,0.9963
Nirdambhay,Home&Kitchen,999.0,0.57,3.0,617.0,0.9538,0.9196,-0.1573
Karbonn,Electronics,16990.0,0.59,3.8,110.0,0.8271,0.0,0.5574
NK,Computers&Accessories,999.0,0.78,4.2,163.0,0.8779,0.6486,0.8094
BESTOR®,Computers&Accessories,1399.0,0.64,3.9,1462.0,0.9592,0.8126,0.9859
Longway,Home&Kitchen,2199.0,0.58,3.7,4.0,0.0,0.296,0.2023
Fire-Boltt,Electronics,7999.0,0.81,4.2,22637.0,0.8271,-0.5423,0.9921
Pigeon,Home&Kitchen,1775.0,0.16,3.9,14667.0,0.0,0.1531,0.9763
Fire-Boltt,Electronics,9999.0,0.78,4.2,29472.0,0.9866,0.9485,0.9968
Bajaj,Home&Kitchen,2660.0,0.47,4.1,9349.0,0.6486,0.4404,0.9601
Storite,Computers&Accessories,799.0,0.63,4.3,1902.0,0.815,0.8442,0.9141
Amozo,Electronics,1499.0,0.81,4.2,2646.0,0.9465,0.0,0.9966
Kodak,Electronics,15999.0,0.5,3.8,3022.0,0.9022,0.5499,-0.5404
OPPO,Electronics,20990.0,0.26,4.2,32916.0,0.802,0.4235,0.9486
Classmate,Home&Kitchen,100.0,0.1,4.4,10718.0,0.5574,-0.2714,-0.5688
Philips,Home&Kitchen,1695.0,0.12,4.4,3543.0,0.8402,0.8658,0.9773
POPIO,Electronics,599.0,0.5,4.3,4674.0,-0.5719,0.6542,0.9944
ATOM,Home&Kitchen,499.0,0.38,3.9,4584.0,0.0,0.2421,-0.115
boAt,Electronics,3990.0,0.69,4.1,107151.0,0.9052,0.765,0.9814
Havells,Home&Kitchen,2545.0,0.04,4.1,25.0,0.7351,0.4404,-0.296
Tata,Home&Kitchen,699.0,0.0,4.2,3160.0,0.3182,0.0,0.6542
Fire-Boltt,Electronics,9999.0,0.7,4.2,20880.0,0.9741,0.6486,0.9921
KINGONE,Electronics,6999.0,0.63,4.5,1526.0,0.9812,0.0,0.9971
AGARO,Home&Kitchen,5999.0,0.47,4.0,3242.0,0.7506,0.128,0.4939
7SEVEN®,Electronics,799.0,0.56,3.6,323.0,0.8225,0.6124,0.984
Prestige,Home&Kitchen,5295.0,0.4,4.2,6919.0,0.0,0.4588,0.9832
boAt,Electronics,1290.0,0.69,4.2,76042.0,0.9694,0.7003,0.9748
AmazonBasics,Computers&Accessories,2100.0,0.52,4.5,5492.0,0.4404,0.4404,0.9788
Karbonn,Electronics,18990.0,0.53,3.9,350.0,0.8885,0.5672,0.9606
Amozo,Electronics,1799.0,0.74,4.3,1454.0,0.9465,0.3578,0.9873
Eveready,Electronics,180.0,0.17,4.4,644.0,0.6369,0.34,0.3384
HUMBLE,Computers&Accessories,499.0,0.6,3.3,2804.0,0.9349,0.5574,0.9845
Classmate,OfficeProducts,160.0,0.02,4.5,4428.0,0.8934,0.6115,0.9781
Crompton,Home&Kitchen,2380.0,0.24,4.0,15382.0,0.9406,0.8807,0.7498
Candes,Home&Kitchen,1699.0,0.37,3.9,313.0,0.765,0.7096,-0.6561
boAt,Electronics,6990.0,0.79,3.9,21796.0,0.9551,0.743,0.9459
MI,Electronics,1999.0,0.5,4.3,1777.0,0.802,0.5156,0.9429
Saiyam,Home&Kitchen,1299.0,0.54,4.2,590.0,0.9841,0.8542,0.9732
Storite,Computers&Accessories,699.0,0.63,3.8,2399.0,-0.1027,0.2382,0.9684
Robustrion,Computers&Accessories,1499.0,0.75,4.2,4149.0,0.3802,0.8774,0.9771
TP-Link,Computers&Accessories,1599.0,0.38,4.3,12093.0,0.8807,-0.501,0.969
STRIFF,Computers&Accessories,999.0,0.87,4.2,491.0,0.886,0.7906,0.9882
iQOO,Electronics,20990.0,0.21,4.0,21350.0,0.9758,0.2023,0.9385
Prestige,Home&Kitchen,3945.0,0.31,3.7,13406.0,0.7096,0.4877,-0.0516
Lint,Home&Kitchen,299.0,0.18,4.1,1660.0,0.836,0.7131,0.9714
HP,Computers&Accessories,700.0,0.14,4.3,2301.0,0.8529,0.0,0.8875
CableCreation,Electronics,758.0,0.42,4.2,4296.0,0.9847,0.34,0.9779
Crucial,Computers&Accessories,3500.0,0.49,4.5,26194.0,0.8934,0.8481,0.994
Duracell,Computers&Accessories,599.0,0.47,4.1,491.0,0.8126,0.5106,-0.6026
Noise,Electronics,3999.0,0.6,4.0,30254.0,0.9231,0.5826,0.7254
Oratech,Home&Kitchen,499.0,0.44,4.8,28.0,0.9882,0.6369,0.9995
Motorola,Electronics,1630.0,0.14,4.0,9378.0,0.8442,0.5106,0.5994
Inalsa,Home&Kitchen,10295.0,0.63,3.9,8095.0,0.9601,0.9477,0.9832
Logitech,Computers&Accessories,1645.0,0.21,4.6,12375.0,0.9711,0.8858,0.9944
AGARO,Home&Kitchen,5495.0,0.33,4.1,290.0,0.7906,0.7506,0.9077
Cuzor,Computers&Accessories,2999.0,0.5,4.5,8656.0,0.743,0.4588,0.9331
AmazonBasics,Computers&Accessories,1500.0,0.54,4.2,42301.0,0.4404,0.4404,-0.6181
Zoul,Computers&Accessories,1099.0,0.64,4.1,2685.0,0.9754,0.34,0.9641
Gilary,Computers&Accessories,999.0,0.65,3.7,1097.0,0.3818,0.4019,0.1546
Gizga,Computers&Accessories,1999.0,0.73,3.6,6422.0,0.9145,0.5238,0.1823
Philips,Home&Kitchen,23559.0,0.38,4.3,2026.0,0.8788,0.938,0.9536
Amazon,Electronics,900.0,0.45,4.4,2165.0,0.34,0.1724,0.8952
Kenstar,Home&Kitchen,11990.0,0.43,3.9,144.0,0.872,0.3612,0.9755
SaiEllin,Home&Kitchen,1999.0,0.51,3.9,157.0,0.9596,0.3736,0.9865
Gizga,HomeImprovement,599.0,0.58,4.5,5985.0,0.4867,0.8856,0.9928
Redmi,Electronics,10999.0,0.23,4.1,313836.0,0.4588,0.3818,0.9546
Samsung,Electronics,32999.0,0.27,3.9,8866.0,0.9477,-0.4514,0.9974
ACTIVA,Home&Kitchen,3790.0,0.5,3.8,3842.0,0.8402,0.9231,0.974
HealthSense,Home&Kitchen,1899.0,0.42,4.3,15276.0,0.886,0.5848,0.9683
Kuber,Home&Kitchen,499.0,0.21,4.0,330.0,0.8925,0.4404,0.8462
AmazonBasics,Computers&Accessories,845.0,0.61,4.2,29746.0,0.3666,-0.3536,0.9291
USHA,Home&Kitchen,3390.0,0.28,4.0,5206.0,0.2023,0.0,0.9628
Fire-Boltt,Electronics,9999.0,0.75,4.1,42139.0,0.9806,0.8414,0.9851
boAt,Computers&Accessories,799.0,0.63,4.4,28791.0,0.9682,0.7701,0.9829
LOHAYA,Electronics,1199.0,0.75,3.5,466.0,0.4019,-0.0754,0.7003
Spigen,Electronics,2599.0,0.38,4.3,1801.0,0.7783,0.8519,0.9473
SAIELLIN,Home&Kitchen,999.0,0.55,4.3,610.0,0.9781,0.7003,0.9868
!!HANEUL!!1000,Home&Kitchen,1599.0,0.44,3.4,15.0,0.0,0.4404,0.9769
WeCool,Electronics,1999.0,0.66,4.3,1193.0,0.9441,0.0,0.9751
LRIPL,Electronics,1099.0,0.4,3.2,285.0,0.9746,0.296,0.9422
iBELL,Home&Kitchen,3190.0,0.54,4.1,1776.0,0.0,0.8555,0.9513
Noise,Electronics,3999.0,0.5,4.0,30254.0,0.9432,0.5826,0.7254
AirCase,Computers&Accessories,499.0,0.4,4.5,21010.0,0.8807,0.4404,0.9781
Wayona,Computers&Accessories,999.0,0.6,4.3,2806.0,0.9852,0.9432,0.9895
Synqe,Computers&Accessories,1099.0,0.66,4.3,3049.0,0.9626,0.7964,0.9617
Astigo,Electronics,599.0,0.5,3.7,708.0,0.7351,0.5719,0.8874
Mi,Home&Kitchen,12999.0,0.23,4.3,4049.0,0.7184,0.829,0.9977
Pilot,OfficeProducts,210.0,0.15,4.3,2450.0,0.2023,0.2481,0.9883
ENVIE,Electronics,400.0,0.25,3.8,40895.0,0.9798,-0.3612,-0.81
7SEVEN®,Electronics,899.0,0.44,3.7,185.0,-0.5049,-0.1801,-0.3352
Havells,Home&Kitchen,19825.0,0.37,4.1,322.0,0.872,0.2732,0.9579
E-COSMOS,Computers&Accessories,99.0,0.1,4.2,241.0,0.8593,0.7003,0.7933
D-Link,Computers&Accessories,1208.0,0.58,4.1,8131.0,0.7783,0.9241,0.8718
PTron,Electronics,1800.0,0.67,3.5,83996.0,0.7184,0.8271,0.8796
Tygot,Electronics,1999.0,0.6,3.8,12958.0,0.9925,0.0,0.9754
Ionix,Home&Kitchen,599.0,0.51,4.0,1644.0,0.6369,0.8176,0.7857
Sujata,Home&Kitchen,8820.0,0.26,4.5,5137.0,0.8689,0.9093,0.989
Samsung,Electronics,19499.0,0.28,4.1,18998.0,0.6808,-0.0379,0.9973
AmazonBasics,Computers&Accessories,2100.0,0.62,4.3,8188.0,0.44040000000000007,0.7938,0.9893
Airtel,Electronics,499.0,0.61,3.7,1383.0,0.0,0.4926,-0.3071
Borosil,Home&Kitchen,2590.0,0.26,4.0,2377.0,0.8225,0.835,0.9891
Samsung,Electronics,70900.0,0.32,4.3,7109.0,0.7845,0.4019,0.9984
boAt,Electronics,6990.0,0.79,3.9,21796.5,0.9551,0.72165,0.9651
boAt,Electronics,999.0,0.43,4.3,38221.0,0.8316,0.7003,0.6996
Nokia,Electronics,1599.0,0.19,4.0,128311.0,0.4404,0.7184,0.9897
INDIAS®™,Home&Kitchen,2600.0,0.62,3.4,252.0,0.6908,-0.3624,0.9959
Samsung,Electronics,19499.0,0.28,4.1,18998.0,0.6808,-0.0379,0.9973
Classmate,OfficeProducts,120.0,0.05,4.2,8938.0,0.9059,0.7175,0.9672
Fire-Boltt,Electronics,9999.0,0.75,4.0,9090.0,0.9871,0.636,0.8135
Samsung,Electronics,15990.0,0.7,4.0,4390.0,0.8515,-0.5267,0.9989
KENT,Home&Kitchen,2400.0,0.27,4.2,14160.0,0.9601,0.8779,0.9858
SanDisk,Computers&Accessories,1400.0,0.59,4.3,189104.0,0.34,-0.5574,0.9998
Tizum,Computers&Accessories,299.0,0.43,4.4,5176.0,0.968,0.0603,0.9446
Logitech,Computers&Accessories,3195.0,0.17,4.5,16146.0,0.9593,0.8847,0.9991
Electvision,Electronics,1999.0,0.83,3.8,197.0,0.7214,0.0,0.8883
Caprigo,Electronics,999.0,0.6,4.0,1236.0,0.9805,0.6808,0.913
VRPRIME,Home&Kitchen,999.0,0.5,4.6,79.0,0.9957,0.8316,0.9949
boAt,Electronics,3490.0,0.54,3.7,676.0,0.936,0.875,0.5379
boAt,Electronics,7990.0,0.76,3.8,17832.0,0.9895,0.34,0.999
Nokia,Electronics,1599.0,0.19,4.0,128311.0,0.4404,0.7184,0.9897
boAt,Electronics,2990.0,0.47,3.8,11015.0,0.965,0.6799,0.9973
Amazon,Home&Kitchen,1699.0,0.38,3.1,111.0,0.8126,0.4404,-0.4121
Redmi,Electronics,26999.0,0.22,3.9,25824.0,0.9771,0.6956,0.9985
boAt,Computers&Accessories,999.0,0.6,4.1,1780.0,0.8807,0.7412,0.9929
Parker,OfficeProducts,420.0,0.0,4.2,1926.0,0.0,0.8397,0.9652
Panasonic,Electronics,1500.0,0.0,4.4,25996.0,0.765,0.4404,0.7725
MILTON,Home&Kitchen,1899.0,0.42,4.3,1811.0,0.8225,0.7609,0.9776
Bajaj,Home&Kitchen,1920.0,0.43,4.2,9772.0,0.9393,0.4404,0.765
Bajaj,Home&Kitchen,15270.0,0.59,4.1,3233.0,0.4585,0.7003,0.5233
Dr,Health&PersonalCare,1900.0,0.53,4.0,3663.0,0.9726,0.3937,0.965
HP,Computers&Accessories,723.0,0.18,4.4,3219.0,0.8842,0.3182,0.9601
Redmi,Electronics,15999.0,0.13,3.9,2180.0,0.6908,0.6486,0.6689
Lenovo,Computers&Accessories,2890.0,0.5,4.5,4099.0,0.9447,0.6093,0.9928
Wipro,Home&Kitchen,3099.0,0.33,4.1,282.0,0.9136,0.6324,0.9797
Bajaj,Home&Kitchen,5999.0,0.49,4.0,777.0,0.0772,0.6369,0.9606
Logitech,Computers&Accessories,375.0,0.26,4.3,31534.0,0.9538,0.6369,0.9614
Borosil,Home&Kitchen,3690.0,0.22,4.3,6987.0,0.7269,0.7615,0.9915
Bajaj,Home&Kitchen,13150.0,0.58,4.2,6398.0,0.0253,0.4404,0.9789
AmazonBasics,Electronics,1600.0,0.32,4.0,3565.0,0.6597,0.9001,0.9745
SUJATA,Home&Kitchen,7776.0,0.25,4.4,2737.0,0.7184,0.8225,0.9157
STRIFF,Computers&Accessories,1499.0,0.8,4.2,903.0,0.8355,-0.5106,0.9093
OnePlus,Electronics,33999.0,0.0,4.3,17415.0,0.6808,0.7835,0.997
Crucial,Computers&Accessories,6100.0,0.46,4.3,2515.0,0.8689,0.5449,0.9941
Fire-Boltt,Electronics,19999.0,0.91,4.2,13937.0,0.91,0.8442,0.9952
Xiaomi,Computers&Accessories,2999.0,0.48,4.0,11113.0,0.9871,0.4854,0.3887
Redmi,Electronics,24999.0,0.44,4.2,45237.5,0.9393,0.5574,0.9836
boAt,Computers&Accessories,999.0,0.73,4.3,20850.0,0.836,0.6597,0.9849
Wonderchef,Home&Kitchen,5500.0,0.47,3.8,8958.0,0.9828,0.5719,-0.0735
SupCares,Computers&Accessories,1299.0,0.62,4.5,434.0,0.9723,0.9552,0.9771
boAt,Computers&Accessories,699.0,0.53,4.2,94363.66666666667,0.9186,0.8689,0.8316
Portronics,Computers&Accessories,399.0,0.6,4.1,4768.0,0.9578000000000001,0.7992,0.9719000000000001
Sujata,Home&Kitchen,7506.0,0.22,4.5,7241.0,0.7269,0.7031,0.9908
AmazonBasics,Computers&Accessories,500.0,0.64,4.2,92595.0,0.2732,0.0,0.9989
7SEVEN®,Electronics,899.0,0.56,3.4,431.0,0.9157,0.5994,0.558
Wayona,Computers&Accessories,1099.0,0.64,4.2,24269.0,0.9154,0.4404,0.9033
STRIFF,Electronics,499.0,0.8,4.1,2451.0,0.9477,0.624,0.936
ENEM,Home&Kitchen,1799.0,0.11,4.0,2877.0,0.9916,0.836,0.9908
Wayona,Computers&Accessories,1999.0,0.68,4.2,24269.0,0.9154,0.4404,0.9033
iBELL,Home&Kitchen,1490.0,0.55,4.0,2198.0,0.5106,0.6784,0.915
IONIX,Home&Kitchen,699.0,0.72,2.9,159.0,0.8101,-0.5991,0.64
HP,Computers&Accessories,861.0,0.04,4.2,4567.0,0.25,0.431,0.8244
boAt,Electronics,7990.0,0.75,3.8,17831.0,0.9895,0.34,0.999
Wacom,Computers&Accessories,4699.0,0.3,4.4,13544.0,-0.296,0.4754,0.9866
iQOO,Electronics,19999.0,0.3,4.1,19252.0,0.9552,0.7003,0.9726
Remote,Electronics,499.0,0.57,3.7,246.0,0.0108,0.6696,0.362
Havells,Home&Kitchen,3500.0,0.57,4.1,303.0,0.8271,0.9091,0.9788
Casio,OfficeProducts,535.0,0.0,4.4,4426.0,0.9105,0.0,-0.2755
SWAPKART,Computers&Accessories,499.0,0.58,3.9,536.0,0.9562,0.8591,0.8402
OnePlus,Electronics,38999.0,0.1,4.2,11029.0,0.8442,0.3964,0.9982
Epson,Computers&Accessories,404.0,0.24,4.4,8614.0,0.6249,0.2481,0.984
Lenovo,Computers&Accessories,590.0,0.51,4.4,25886.0,0.8176,0.9173,0.9949
MI,Electronics,2199.0,0.48,4.3,178912.0,0.0,0.6249,0.9883
Smashtronics®,Electronics,399.0,0.5,4.2,1335.0,0.0232,0.4457,0.7962
Kent,Home&Kitchen,670.0,0.03,4.1,7786.0,0.0,0.5994,0.947
Lapster,Computers&Accessories,999.0,0.8,4.5,127.0,0.946,0.8442,0.9934
Redmi,Electronics,8999.0,0.28,4.0,7807.0,0.4588,0.4684,0.9849
STRIFF,Electronics,499.0,0.81,4.2,1949.0,0.9664,0.6611,0.9574
Sennheiser,Electronics,1990.0,0.25,4.1,98250.0,0.9217,0.0,0.9995
Kuber,Home&Kitchen,249.0,0.12,4.0,1108.0,0.8876,0.4215,0.9731
Tygot,Electronics,1999.0,0.8,4.0,3382.0,0.0,0.7232,0.9587
Dell,Computers&Accessories,1799.0,0.69,4.3,28829.0,0.0,0.5927,0.381
Orient,Home&Kitchen,4890.0,0.43,3.9,588.0,0.7213,0.5093,0.9503
TCL,Electronics,30990.0,0.65,4.1,398.0,0.9871,0.6486,0.886
RESONATE,Computers&Accessories,2911.0,0.38,4.3,20342.0,0.9788,0.4012,0.9761
Balzano,Home&Kitchen,4290.0,0.39,4.4,2116.0,0.9832,0.2732,0.9684
INALSA,Home&Kitchen,4495.0,0.49,3.9,326.0,0.9922,0.8984,0.9962
AGARO,Home&Kitchen,1999.0,0.15,4.1,8873.0,0.5859,0.9217,0.9966
Sui,Home&Kitchen,699.0,0.7,3.7,74.0,0.9942,0.5169,0.9904
Croma,Electronics,20000.0,0.63,4.1,2581.0,-0.1027,0.9313,0.974
INALSA,Home&Kitchen,10995.0,0.38,4.5,3192.0,0.9225,0.981,0.9984
Amazon,Electronics,475.0,0.35,4.4,426973.0,0.6369,0.7056,0.9921
Redmi,Electronics,11999.0,0.25,4.0,12796.0,0.4588,0.0,-0.0516
BlueRigger,Electronics,1999.0,0.76,4.2,30023.0,0.8519,0.6486,0.9457
Zebronics,Electronics,1199.0,0.25,3.8,10751.0,0.765,0.8735,0.8894
Ambrane,Electronics,1599.0,0.38,4.0,7222.0,0.9081,0.4215,0.9754
JIALTO,Home&Kitchen,1999.0,0.55,4.0,832.0,0.9829,0.7983,0.9907
Crompton,Home&Kitchen,10400.0,0.4,4.1,14391.0,0.8918,-0.8248,0.882
Noise,Electronics,4999.0,0.61,4.1,10689.0,0.9749,0.8881,0.9953
VW,Electronics,11000.0,0.48,4.2,4003.0,0.8481,0.5499,0.9516
Borosil,Home&Kitchen,2290.0,0.39,4.4,461.0,0.9666,0.7192,0.9927
Bajaj,Home&Kitchen,1129.0,0.34,4.0,2446.0,0.9729,-0.4767,0.6486
boAt,Electronics,1490.0,0.6,4.1,161679.0,0.9493,0.6908,0.9857
SLOVIC®,Electronics,799.0,0.59,4.4,10773.0,0.9345,0.9828,0.9822
AGARO,Home&Kitchen,1499.0,0.55,4.2,900.0,0.7906,0.8771,0.9843
boAt,Electronics,1290.0,0.65,4.1,91770.0,0.8481,0.0,0.9983
Zebronics,Computers&Accessories,699.0,0.36,3.9,17348.0,0.0,0.4404,-0.2263
Reffair,Car&Motorbike,4000.0,0.42,3.8,1118.0,0.9947,0.8715,0.9761
Libra,Home&Kitchen,2999.0,0.33,4.4,388.0,0.9935,0.1298,0.9911
Usha,Home&Kitchen,12150.0,0.19,4.3,13251.0,0.7269,0.8748,0.9348
Myvn,Electronics,999.0,0.67,4.2,3492.0,0.9338,0.5859,0.9611
Dell,Computers&Accessories,1299.0,0.56,4.4,9275.0,0.9201,0.9322,0.8977
Singer,Home&Kitchen,2385.0,0.6,4.1,2311.0,0.7845,0.4404,0.9836
pTron,Computers&Accessories,800.0,0.89,3.9,1075.0,0.9741,0.8126,0.836
HP,Computers&Accessories,4332.96,0.08,3.5,21762.0,0.9588,-0.743,0.9559
ZEBRONICS,Computers&Accessories,299.0,0.54,3.8,3044.0,0.4404,0.7088,0.9734
Proven®,Home&Kitchen,19990.0,0.73,4.4,535.0,0.4404,0.6808,0.5859
Noise,Electronics,7999.0,0.44,3.5,37.0,0.9246,0.836,0.2598
AGARO,Home&Kitchen,23999.0,0.47,4.4,2288.0,0.6369,0.8126,0.943
URBN,Electronics,2499.0,0.64,4.0,36384.0,0.5574,0.7579,-0.4467
SanDisk,Computers&Accessories,2800.0,0.6,4.3,53464.0,0.3182,0.9109,0.9959
OPPO,Electronics,15990.0,0.22,4.2,58506.0,-0.0601,0.6369,0.9525
Robustrion,Computers&Accessories,1499.0,0.73,4.0,691.0,0.9703,0.6369,-0.0387
AGARO,Home&Kitchen,1295.0,0.55,4.1,557.0,0.0,0.7574,0.9616
tizum,Electronics,499.0,0.44,3.7,10962.0,0.9663,0.6124,0.1729
Noise,Electronics,5999.0,0.58,3.7,828.0,0.7269,0.0,0.8126
7SEVEN®,Electronics,799.0,0.5,4.3,12.0,0.7565,0.0,-0.7926
Sony,Electronics,499.0,0.59,3.8,313.0,-0.3089,0.7783,0.948
Duracell,Electronics,315.0,0.15,4.5,17810.0,0.8689,0.0,0.8117
Crompton,Home&Kitchen,11500.0,0.41,4.1,10308.0,0.8331,0.4404,0.8253
Crompton,Home&Kitchen,825.0,0.26,4.1,13165.0,0.7717,0.8687,0.708
Amazon,Computers&Accessories,999.0,0.8,3.0,,0.6369,0.0,0.743
iQOO,Electronics,27990.0,0.29,4.3,9499.0,0.9623,0.5859,0.9764
Lapster,Computers&Accessories,999.0,0.86,4.0,1313.0,0.9022,0.5499,0.1181
pTron,Electronics,1099.0,0.82,4.0,3197.0,0.2263,0.4019,0.9134
FLiX,Electronics,599.0,0.6,3.9,2147.0,0.9403,0.7125,0.9366
IKEA,Home&Kitchen,499.0,0.51,3.3,478.0,0.2023,0.7606,-0.9396
Amazon,Home&Kitchen,2000.0,0.4,4.0,18543.0,0.9089,0.8225,0.9477
akiara,Home&Kitchen,3098.0,0.5,3.5,2283.0,0.6369,0.4404,-0.7681
Cotbolt,Electronics,999.0,0.65,4.0,839.0,0.4939,0.7804,0.9869
Green,Home&Kitchen,300.0,0.46,2.6,24.0,0.6743,-0.3412,0.3514
Sounce,Computers&Accessories,1299.0,0.8333333333333334,3.9,7928.0,0.9635000000000001,0.7178,0.6808
Wembley,Computers&Accessories,1599.0,0.85,3.8,1173.0,0.9363,0.9273,0.9953
iBELL,Home&Kitchen,1490.0,0.55,4.1,925.0,0.0,0.7003,0.9762
Rico,Home&Kitchen,1999.0,0.53,4.0,1679.0,0.9805,0.802,0.9776
Usha,Home&Kitchen,3290.0,0.29,3.8,195.0,0.0,-0.5583,0.7643
Noise,Electronics,3499.0,0.63,3.9,12452.0,0.8625,0.5859,0.9951
Akiara®,Home&Kitchen,2499.0,0.41,3.7,1067.0,0.7184,0.8905,0.8844
ESnipe,HomeImprovement,999.0,0.57,4.0,2581.0,0.6808,0.4404,0.7906
Larrito,Home&Kitchen,799.0,0.38,3.6,212.0,0.9816,0.724,0.9693
KENT,Home&Kitchen,14999.0,0.53,4.1,1728.0,-0.2006,0.908,0.802
Cafe,Home&Kitchen,1500.0,0.27,4.5,1065.0,0.9955,0.7477,0.998
OFIXO,Computers&Accessories,599.0,0.0,4.0,26423.0,0.9828,0.9731,0.9397
Redgear,Computers&Accessories,799.0,0.25,4.3,15790.0,0.6369,0.6474,0.9989
Kodak,Electronics,19499.0,0.46,4.2,1510.0,0.9382,0.0,0.9175
realme,Electronics,1999.0,0.16,4.1,72563.0,0.4019,0.3182,0.9999
LOHAYA,Electronics,799.0,0.69,3.8,1079.0,0.9062,0.825,0.9401
Airtel,Electronics,799.0,0.78,3.7,2201.0,0.0,0.6093,0.8854
Lint,Home&Kitchen,749.0,0.57,4.6,124.0,0.2263,0.431,0.891
10k,Electronics,2399.0,0.58,4.6,3664.0,0.765,0.5574,0.8583
7SEVEN®,Electronics,599.0,0.61,3.5,197.0,0.891,0.5423,0.3376
Irusu,Electronics,3500.0,0.23,3.5,621.0,0.946,0.9128,0.9547
Redmi,Electronics,20999.0,0.19,4.1,31822.0,0.0,0.9402,0.9973
boAt,Computers&Accessories,999.0,0.6,4.1,1780.0,0.8807,0.7412,0.9929
iQOO,Electronics,21990.0,0.18,4.0,21350.0,0.9758,0.2023,0.9385
LIRAMARK,Computers&Accessories,149.0,0.0,4.3,10833.0,0.9377,0.0,0.9981
APC,Computers&Accessories,4100.0,0.2,3.9,15783.0,0.2263,-0.4215,0.9788
JBL,Electronics,999.0,0.4,4.1,192588.5,0.9612,0.4404,0.9431
Portronics,Electronics,1499.0,0.65,4.1,8599.0,0.9412,0.6369,0.9701
HOMEPACK,Home&Kitchen,999.0,0.35,3.8,49.0,0.8442,-0.1779,0.9001
IKEA,Home&Kitchen,399.0,0.43,3.6,451.0,0.5423,0.1999,0.9639
Ambrane,Electronics,499.0,0.6,4.1,1786.0,0.8885,0.6204,0.8165
Coway,Home&Kitchen,59900.0,0.76,4.4,3837.0,0.0,0.7845,0.9977
Boult,Electronics,8999.0,0.83,3.7,28324.0,0.8346,0.6278,0.998
Canon,Computers&Accessories,3875.0,0.1,3.4,12185.0,0.8301,0.5137,0.5756
Fujifilm,Electronics,549.0,0.0,4.5,4875.0,0.9565,0.9028,0.2687
INALSA,Home&Kitchen,3295.0,0.45,3.8,687.0,0.9926,0.8718,0.9924
JBL,Electronics,2999.0,0.5,3.7,87798.0,0.9607,0.344,-0.1973
Amazon,Computers&Accessories,1000.0,0.5,5.0,23.0,0.8625,0.8119,0.9935
Bulfyss,Home&Kitchen,599.0,0.53,3.5,1367.0,0.9384,-0.4404,-0.7265
Brand,Computers&Accessories,999.0,0.45,4.3,7758.0,0.876,0.8067,0.9708
Universal,Electronics,699.0,0.66,4.4,2640.0,0.8417,0.7184,-0.0179
Pigeon,Home&Kitchen,7950.0,0.55,4.2,136.0,0.9246,-0.1779,0.9727
Amazon,Computers&Accessories,485.0,0.38,4.3,10911.0,0.4019,0.0,0.9825
Seagate,Computers&Accessories,7999.0,0.28,4.5,50273.0,0.9853,-0.4404,0.697
ZEBRONICS,Electronics,1499.0,0.58,4.1,24.0,0.9747,0.1999,0.8115
Faber-Castell,Toys&Games,150.0,0.0,4.3,15867.0,0.4019,0.6369,0.9867
Classmate,OfficeProducts,300.0,0.0,4.2,419.0,0.7579,0.8807,0.0
Fire-Boltt,Electronics,17999.0,0.78,4.3,17161.0,0.9882,0.8839,0.9995
7SEVEN®,Electronics,599.0,0.42,4.2,284.0,0.9582,0.5374,0.9916
Homeistic,Home&Kitchen,2999.0,0.52,4.5,19.0,0.6486,0.7003,0.9166
Zuvexa,Home&Kitchen,1299.0,0.62,4.7,54.0,0.9891,0.9614,0.9952
Caldipree,Electronics,2999.0,0.82,4.3,407.0,0.9246,0.8176,0.9905
Time,Computers&Accessories,499.0,0.55,4.1,789.0,0.0,0.7003,0.7935
MI,Electronics,5999.0,0.25,4.3,44696.0,0.34,-0.5635,0.9842
Sounce,Computers&Accessories,999.0,0.9,4.0,1396.0,0.9646,0.68,0.9819
VU,Electronics,85000.0,0.35,4.3,3587.0,0.6124,0.4922,0.995
Luxor,OfficeProducts,180.0,0.31,4.4,8053.0,0.0,0.34,0.9825
Ambrane,Computers&Accessories,399.0,0.38,4.0,43994.0,0.3138,0.2382,0.9853
LACOPINE,Home&Kitchen,599.0,0.38,3.9,82.0,0.8126,0.8114,0.8843
SanDisk,Computers&Accessories,2500.0,0.64,4.3,55747.0,0.34,0.5927,0.926
Pigeon,Home&Kitchen,1795.0,0.39,4.2,4244.0,0.0,0.4404,0.7892
Technotech,Electronics,499.0,0.63,4.2,25.0,0.0,0.0,0.8126
Western,Computers&Accessories,4000.0,0.57,4.4,3029.0,0.8959,0.9725,0.9909
Bulfyss,Home&Kitchen,1999.0,0.6,4.1,2162.0,0.9882,0.2382,0.9865
LOHAYA,Electronics,1199.0,0.75,3.9,1193.0,0.4019,0.9042,0.9826
VU,Electronics,65000.0,0.54,4.1,211.0,0.5719,0.7783,0.9913
TP-link,Computers&Accessories,1699.0,0.32,4.2,122478.0,0.9432,0.4404,0.9648
boAt,Electronics,6990.0,0.74,4.0,26880.0,0.7844,0.8062,0.9931
Samsung,Electronics,999.0,0.05,4.2,31539.0,0.0,0.6597,0.9593
Noise,Electronics,6999.0,0.43,4.1,10229.0,0.34,0.9001,0.8972
Nokia,Electronics,5299.0,0.28,3.5,1641.0,0.8658,0.4678,0.6539
Rico,Home&Kitchen,1075.0,0.07,4.1,9275.0,0.8442,0.7964,0.4885
HP,Computers&Accessories,1500.0,0.68,4.2,64273.0,0.9501,0.0772,0.9952
Bajaj,Home&Kitchen,7445.0,0.28,3.9,3584.0,0.0,0.0,-0.9228
POPIO,Electronics,599.0,0.75,4.3,714.0,-0.5719,0.9576,0.9858
SKYTONE,Home&Kitchen,2799.0,0.49,4.0,1498.0,0.9648,0.624,0.9549
Tizum,Electronics,699.0,0.72,4.2,12153.0,0.6808,0.7324,0.9816
AmazonBasics,Computers&Accessories,1200.0,0.58,4.3,5451.0,0.8867,0.7003,0.8316
Bajaj,Home&Kitchen,720.0,0.25,4.1,36017.0,-0.5563,0.0,0.6974
Portronics,OfficeProducts,2999.0,0.53,4.3,3530.0,0.9741,-0.4019,0.9796
boAt,Electronics,999.0,0.63,4.1,363711.0,0.9949,0.8978,0.9808
Inalsa,Home&Kitchen,2995.0,0.61,4.2,5178.0,0.8842,0.787,0.9489
TP-Link,Computers&Accessories,2499.0,0.41,4.2,156638.0,0.9118,0.471,0.9919
Fire-Boltt,Electronics,7999.0,0.81,4.2,22638.0,0.8271,-0.5423,0.9921
Ambrane,Computers&Accessories,349.0,0.43,4.1,314.0,0.3138,0.6908,0.9562
Amazon,Computers&Accessories,299.0,0.6,3.8,51.0,-0.25,0.7239,0.4939
DYAZO,Electronics,499.0,0.72,4.2,4971.0,-0.4308,0.7003,0.8792
Wayona,Computers&Accessories,999.0,0.65,4.2,13120.0,0.9148,0.8832,0.9774
SanDisk,Electronics,1800.0,0.48,4.5,205052.0,0.0772,0.7184,0.9442
Borosil,Home&Kitchen,2490.0,0.27,4.4,7946.0,0.0,0.7405,0.9905
HP,Computers&Accessories,2198.0,0.39,4.0,7113.0,0.8176,0.8271,-0.7564
C,Home&Kitchen,1599.0,0.71,3.7,6.0,0.9778,0.5859,0.904
Duracell,Computers&Accessories,1999.0,0.51,4.2,462.0,0.8126,0.8807,0.9839
E-COSMOS,Computers&Accessories,39.0,0.0,3.8,3344.0,0.3875,-0.631,0.0757
Bestor,Electronics,1899.0,0.63,4.4,390.0,0.9884,0.8356,0.9594
HP,Electronics,1600.0,0.77,4.0,32625.0,0.4215,0.0,0.7184
Parker,OfficeProducts,100.0,0.1,4.3,3061.0,0.0,0.5399,0.9891
Noise,Electronics,5999.0,0.58,4.1,38879.0,0.7845,0.4678,0.8573
Belkin,Computers&Accessories,849.0,0.29,4.5,577.0,0.9482,0.936,0.9892
Redmi,Electronics,20999.0,0.19,4.1,31822.0,0.5562,0.9402,0.9973
CEDO,Computers&Accessories,599.0,0.42,4.1,210.0,0.981,0.7717,0.9477
Sounce,Electronics,1899.0,0.74,4.1,1475.0,0.9679,0.7574,0.9864
Tukzer,Electronics,999.0,0.65,3.8,16557.0,0.09,0.7906,0.9882
Wolpin,Home&Kitchen,799.0,0.78,3.6,101.0,0.989,0.3711,0.589
TP-Link,Computers&Accessories,1999.0,0.4,4.5,22420.0,0.8979,0.3919,0.9919
Morphy,Home&Kitchen,1010.0,0.45,4.1,17325.0,0.0,0.8122,0.8777
MI,Electronics,69999.0,0.33,4.3,21252.0,0.9062,0.1531,0.9936
OnePlus,Electronics,49999.0,0.1,4.3,3075.0,0.8689,0.6486,0.9996
AmazonBasics,Computers&Accessories,1999.0,0.53,4.4,13552.0,0.7096,0.5562,0.9934
Demokrazy,Home&Kitchen,999.0,0.52,4.1,1021.0,0.9942,0.8225,0.9426
Zoul,Computers&Accessories,1099.0,0.64,4.1,2685.0,0.9821,0.34,0.9641
Wayona,Computers&Accessories,999.0,0.6,4.3,2806.0,0.9852,0.9432,0.9895
OnePlus,Electronics,6999.0,0.29,3.8,758.0,0.9661,-0.5423,0.9727
Amazonbasics,Computers&Accessories,395.0,0.5,4.2,92595.0,0.0516,0.0,0.9989
WeCool,Electronics,1999.0,0.76,4.0,3626.0,0.9851,0.8779,0.9796
Bajaj,Home&Kitchen,11500.0,0.52,3.9,959.0,0.2732,0.09,0.2797
Maharaja,Home&Kitchen,5000.0,0.5,3.8,1889.0,0.6597,-0.6353,0.8687
KENT,Home&Kitchen,1900.0,0.11,3.6,11456.0,0.8316,0.296,0.8671
SHOPTOSHOP,Home&Kitchen,999.0,0.5,4.1,4859.0,0.9786,0.0772,0.9973
OnePlus,Electronics,69999.0,0.11,4.1,6753.0,0.8834,0.0,0.849
ROYAL,Home&Kitchen,2199.0,0.77,3.1,3527.0,0.9844,0.5927,0.8922
Robustrion,Computers&Accessories,1499.0,0.75,4.1,670.0,0.9703,-0.6705,-0.2942
Ikea,Home&Kitchen,299.0,0.46,4.6,2781.0,0.4404,0.4404,0.9889
SanDisk,Computers&Accessories,1650.0,0.56,4.3,82356.0,0.0,0.4404,0.649
Firestick,Electronics,3999.0,0.64,4.0,32.0,0.5574,0.6697,0.9786
Eco,Home&Kitchen,400.0,0.5,4.1,1379.0,-0.34,0.8622,0.9485
Prestige,Home&Kitchen,640.0,0.06,3.8,2593.0,-0.2023,0.09,0.5778
GIZGA,Computers&Accessories,499.0,0.5,4.2,22860.0,0.8979,0.8363,0.9267
Boult,Electronics,7999.0,0.85,3.6,25910.0,0.8768,0.3182,0.7308
Samsung,Electronics,14999.0,0.27,4.1,18998.0,0.6808,-0.0379,0.9973
Caprigo,Electronics,799.0,0.5,4.1,1161.0,0.975,0.2382,-0.0161
boAt,Computers&Accessories,799.0,0.63,4.2,94363.0,0.9136,0.8689,0.8316
STRIFF,Computers&Accessories,1499.0,0.77,4.3,24791.0,0.836,0.2724,0.8817
Wonderchef,Home&Kitchen,5000.0,0.46,4.0,26164.0,0.9821,0.4404,0.9976
WIDEWINGS,Home&Kitchen,999.0,0.74,4.0,43.0,0.9716,0.4939,0.9926
NutriPro,Home&Kitchen,5000.0,0.61,4.1,4927.0,0.6808,0.9237,0.9877
Noir,Home&Kitchen,919.0,0.59,4.0,1090.0,0.87,0.0,0.9468
Acer,Electronics,40990.0,0.32,4.3,4703.0,0.9493,0.5574,0.9988
Electvision,Electronics,1999.0,0.35,3.6,590.0,0.4939,0.8016,0.8402
LOHAYA,Electronics,999.0,0.6,3.3,23.0,0.6369,-0.6082,-0.7479
Hp,Computers&Accessories,999.0,0.35,3.5,7222.0,0.9169,0.7003,0.7204
ECOVACS,Home&Kitchen,59900.0,0.53,4.4,5298.0,0.9907,0.765,0.9979
GIZGA,Computers&Accessories,499.0,0.7,4.1,25607.0,0.8934,0.2263,0.9569
Wayona,Computers&Accessories,1499.0,0.52,4.1,1045.0,0.9382,0.5423,0.9145
FLiX,Computers&Accessories,299.0,0.71,4.0,9378.0,0.9428,0.2732,0.9817
Synqe,Computers&Accessories,999.0,0.61,4.3,838.0,0.9885,0.4939,0.9456
CROSSVOLT,Computers&Accessories,999.0,0.7,4.3,766.0,-0.0498,0.1779,0.9727
House,Home&Kitchen,499.0,0.4,3.9,1015.0,0.9539,0.8221,0.9681
Zebronics,Electronics,12499.0,0.6,4.2,4541.0,0.9062,0.2939,0.9975
Portronics,Computers&Accessories,499.0,0.5,4.1,1508.0,0.8985,0.3687,0.9932
Duracell,Electronics,315.0,0.16,4.5,28030.0,0.8689,0.6908,0.9477
Zebronics,Electronics,699.0,0.43,3.4,3454.0,0.0,0.25,0.9809
Melbon,Home&Kitchen,2999.0,0.67,4.6,9.0,0.8195,0.089,0.9765
PRO365,Home&Kitchen,499.0,0.5,3.3,8427.0,0.9633,0.5503,0.9396
Gizga,Computers&Accessories,499.0,0.64,4.1,10174.0,0.6808,0.4404,0.1779
pTron,Electronics,1299.0,0.73,4.0,14282.5,0.8779,0.6597,0.9481
Ant,Computers&Accessories,2799.0,0.79,4.2,8537.0,0.9845,0.0,0.9992
Sounce,Electronics,1899.0,0.9,4.0,4740.0,0.9682,0.9079,0.9829
Lenovo,Computers&Accessories,2796.0,0.55,4.4,4598.0,0.0772,0.8384,0.8682
AmazonBasics,Computers&Accessories,800.0,0.63,4.5,74977.0,0.6997,0.6249,0.9387
beatXP,Home&Kitchen,1999.0,0.9,3.7,2031.0,-0.0516,0.8531,0.8603
Philips,Home&Kitchen,3995.0,0.16,4.3,1954.0,0.1548,0.5859,0.963
Xiaomi,Electronics,599.0,0.28,4.1,119466.0,0.9774,0.9001,0.9985
Noise,Electronics,4999.0,0.7,4.0,92588.0,0.9668,0.6908,0.8995
TP-Link,Computers&Accessories,3999.0,0.38,4.4,12679.0,0.4939,0.4019,0.9982
PTron,Electronics,5999.0,0.78,3.3,4415.0,0.8992,-0.607,-0.607
pTron,Computers&Accessories,999.0,0.8,3.9,1075.0,0.9325,0.8126,0.836
Storite,Computers&Accessories,799.0,0.63,4.2,2117.0,-0.6114,0.0,0.9442
KENT,Home&Kitchen,1950.0,0.49,3.8,305.0,0.807,-0.3182,-0.9019
Hisense,Electronics,54990.0,0.4,4.1,1555.0,0.7184,-0.128,0.9803
PTron,Electronics,5999.0,0.77,3.3,4415.0,0.9282,-0.607,-0.607
HP,Computers&Accessories,649.0,0.59,4.3,54315.0,0.4404,0.872,0.9627
Shopoflux,Electronics,600.0,0.59,4.2,143.0,0.9705,0.9153,0.9797
V-Guard,Home&Kitchen,13049.0,0.33,4.3,5891.0,0.9902,0.7906,0.9211
pTron,Computers&Accessories,666.66,0.85,3.9,24870.5,0.7579,0.4701,0.7346
D-Link,Computers&Accessories,1800.0,0.5,4.1,22375.0,0.9628,0.6369,0.7767
Dealfreez,Electronics,1499.0,0.77,4.3,4145.0,0.5994,0.8655,0.8934
Tesora,Home&Kitchen,1850.0,0.27,4.4,638.0,0.9806,0.7506,0.9913
Logitech,Computers&Accessories,3295.0,0.21,4.4,22618.0,0.888,0.6826,0.9956
Tarkan,Computers&Accessories,2499.0,0.6,4.3,1690.0,0.9882,0.8714,0.9983
boAt,Electronics,6990.0,0.79,3.9,21796.0,0.9551,0.743,0.9459
boAt,Electronics,7990.0,0.69,4.1,154.0,0.9753,0.7728,0.9936
Ikea,Home&Kitchen,499.0,0.54,3.5,185.0,0.6808,0.3071,0.9935
OnePlus,Electronics,39999.0,0.25,4.2,7298.0,0.3182,0.8779,-0.9821
"LUNAGARIYA®,",Electronics,399.0,0.38,3.9,200.0,0.9545,0.8494,0.9891
ESR,Computers&Accessories,1899.0,0.2,4.4,19763.0,0.8754,0.7451,0.9169
Orient,Home&Kitchen,1090.0,0.5,4.2,13029.0,0.9386,0.0,0.934
OnePlus,Electronics,45999.0,0.28,4.2,7298.0,0.802,0.8779,-0.9821
Synqe,Computers&Accessories,999.0,0.65,4.3,838.0,0.9903,0.4939,0.9456
Wayona,Computers&Accessories,1499.0,0.52,4.1,1045.0,0.9382,0.5423,0.9145
Prestige,Home&Kitchen,3645.0,0.41,4.1,31388.0,0.5106,0.872,0.7615
Tabelito®,Computers&Accessories,1499.0,0.8,4.2,2868.0,0.8591,0.5242,0.9972
Electvision,Electronics,1999.0,0.83,4.0,343.0,0.4939,0.8849,0.9039
Orpat,Home&Kitchen,1650.0,0.11,4.1,14120.0,0.4215,0.8078,0.5913
SYVO,Electronics,3990.0,0.8,4.3,27139.0,0.8156,0.8514,0.9945
Preethi,Home&Kitchen,635.0,0.0,4.3,4570.0,0.1531,0.4404,0.7814
Prestige,Home&Kitchen,1795.0,0.33,4.2,5967.0,0.0,-0.1531,0.9362
Amazon,Home&Kitchen,1699.0,0.53,4.0,97.0,0.9697,0.9393,0.9978
Portronics,Computers&Accessories,899.0,0.61,4.2,2262.3333333333335,0.9623,0.0,0.9876999999999999
TP-Link,Computers&Accessories,2499.0,0.44,4.4,23169.0,0.6115,0.8066,0.9893
Brayden,Home&Kitchen,1499.0,0.2,3.8,2206.0,0.9623,0.5499,0.9144
Prestige,Home&Kitchen,3045.0,0.25,4.1,4118.0,0.0,0.2382,0.7876
Venus,Home&Kitchen,2799.0,0.79,3.9,578.0,0.8091,0.4404,0.8734
ESN,Home&Kitchen,510.0,0.34,3.8,3195.0,0.0,-0.3182,-0.5106
Havells,Home&Kitchen,4775.0,0.58,4.2,1353.0,0.34,0.824,0.4246
TP-Link,Computers&Accessories,2199.0,0.45,4.4,24780.0,0.9524,0.5719,0.9846
Spigen,Electronics,2899.0,0.66,4.6,26603.0,0.5574,0.9192,0.9987
Gizga,Computers&Accessories,599.0,0.67,4.5,13568.0,0.4215,0.296,0.9633
iBELL,Home&Kitchen,4650.0,0.68,4.1,1045.0,0.8636,0.8689,0.9889
Anjaney,Computers&Accessories,699.0,0.62,4.0,93.0,0.7125,0.8825,0.9861
Dynore,Home&Kitchen,450.0,0.59,4.2,4971.0,0.91,0.7964,0.9243
TABLE,Computers&Accessories,2490.0,0.44,4.3,11074.0,0.4329,0.0772,0.9716
Bosch,Home&Kitchen,10590.0,0.34,4.4,11499.0,0.9638,-0.5875,0.9993
Portronics,Computers&Accessories,999.0,0.62,4.1,1779.0,0.4404,0.8555,0.7554
Tata,Electronics,499.0,0.57,3.5,121.0,0.0,0.0133,0.8922
Themisto,Home&Kitchen,699.0,0.47,4.1,1240.0,0.9711,-0.2263,0.2243
Realme,Electronics,4699.0,0.0,4.5,224.0,0.3182,0.7783,-0.9808
Airtel,Electronics,2499.0,0.48,4.3,301.0,0.9534,0.891,0.7003
OnePlus,Electronics,28999.0,0.0,4.3,17415.0,0.6808,0.7835,0.997
pTron,Computers&Accessories,800.0,0.88,3.9,1075.0,0.9741,0.8126,0.836
DIGITEK®,Electronics,3495.0,0.51,4.1,14371.0,0.9337,0.153,0.8839
Samsung,Electronics,3999.0,0.725,4.3,140035.5,-0.1779,0.5549499999999999,0.9271
Wipro,Home&Kitchen,1999.0,0.35,3.8,311.0,0.0258,0.7096,0.968
Kitchengenix's,Home&Kitchen,1999.0,0.55,4.2,39.0,0.9883,0.9638,0.9937
SaleOn,Home&Kitchen,1499.0,0.54,3.8,144.0,0.8519,0.6124,0.9153
MI,Electronics,49999.0,0.36,4.3,21252.0,0.9062,0.3071,0.9936
PTron,Computers&Accessories,800.0,0.88,3.9,24871.0,0.9741,0.4701,0.6611
STRIFF,Electronics,499.0,0.82,4.1,9340.0,0.9186,-0.4215,0.9495
Logitech,Computers&Accessories,1295.0,0.38,4.4,34852.0,0.9659,0.743,0.8062
Parker,OfficeProducts,320.0,0.15,4.0,3686.0,0.9186,0.4588,0.4215
SanDisk,Electronics,800.0,0.44,4.4,69585.0,0.6249,0.7906,0.5574
Redmi,Electronics,7999.0,0.19,4.1,313832.0,0.4588,0.3818,0.9546
HP,Computers&Accessories,7005.0,0.16,3.6,4199.0,0.91,0.2263,0.3244
SWAPKART,Computers&Accessories,999.0,0.7,4.3,1552.0,0.6486,-0.2023,0.9942
AmazonBasics,Computers&Accessories,695.0,0.7,4.5,107686.5,0.4404,0.0,0.5499
Sony,Electronics,2790.0,0.43,3.6,2272.0,0.9313,-0.6126,0.9972
Aine,Electronics,599.0,0.5,4.0,171.0,0.8779,0.2711,0.9951
ZEBRONICS,Computers&Accessories,449.0,0.33,3.5,11827.0,0.6369,-0.3116,0.9668
Portronics,Computers&Accessories,899.0,0.75,3.8,132.0,0.0,-0.092,0.9557
Black,Home&Kitchen,3500.0,0.09,4.2,1899.0,0.9648,-0.3595,0.9919
USHA,Home&Kitchen,1695.0,0.29,3.6,13300.0,-0.25,0.7003,0.9393
Boya,MusicalInstruments,1995.0,0.6,4.0,68664.0,0.5719,0.9198,0.9941
Hindware,Home&Kitchen,4590.0,0.48,4.1,444.0,0.4215,0.2382,0.3437
VAPJA®,Home&Kitchen,999.0,0.35,3.6,4.0,0.984,0.0,0.8899
Amazon,Electronics,499.0,0.56,4.4,14.0,0.0,0.0,0.3612
Agaro,Computers&Accessories,595.0,0.73,4.3,14184.0,0.0,0.8399,0.8852
MAONO,MusicalInstruments,699.0,0.32,3.8,20218.0,0.9287,0.6908,0.998
Usha,Home&Kitchen,1599.0,0.31,4.3,4022.0,0.7003,-0.2911,0.9292
Wayona,Computers&Accessories,1099.0,0.66,4.3,2806.0,0.9657,0.9432,0.9895
Crompton,Home&Kitchen,4400.0,0.41,4.1,14947.0,0.7213,0.9545,0.9764
Personal,Home&Kitchen,1499.0,0.55,2.3,13.0,0.9566,0.5419,-0.0258
GENERIC,Computers&Accessories,399.0,0.38,3.4,4642.0,0.8816,-0.0516,0.9778
HealthSense,Home&Kitchen,1500.0,0.33,4.2,386.0,0.9485,0.0,0.9949
Bajaj,Home&Kitchen,3279.0,0.34,4.1,1716.0,0.9601,0.7003,0.9724
PTron,Electronics,5999.0,0.78,3.3,4415.0,0.8992,-0.607,-0.607
Ambrane,Computers&Accessories,899.0,0.44,4.2,919.0,0.7135,-0.3412,0.9951
Crompton,Home&Kitchen,1000.0,0.15,4.1,7619.0,0.8986,0.4404,0.802
Dyazo,Computers&Accessories,1999.0,0.7,4.4,4736.0,0.9801,0.9201,0.9968
Preethi,Home&Kitchen,9455.0,0.62,4.1,11828.0,0.956,0.6593,0.8271
Prestige,Home&Kitchen,6295.0,0.48,3.9,43070.0,0.9287,-0.2911,-0.1465
T,Home&Kitchen,999.0,0.45,4.0,1313.0,0.8422,0.4404,0.6486
Belkin,Computers&Accessories,1699.0,0.41,4.4,7318.0,0.0,0.1406,0.899
Belkin,Computers&Accessories,1999.0,0.2,4.4,1951.0,-0.2732,0.7184,0.7896
boAt,Electronics,1490.0,0.69,4.1,161677.0,0.9493,0.6908,0.9857
FLiX,Computers&Accessories,249.0,0.48,4.0,9378.0,0.5423,0.2732,0.9817
Samsung,Electronics,13499.0,0.04,4.1,56098.0,0.9274,0.631,0.9979
Aqua,Home&Kitchen,24999.0,0.8,4.5,287.0,0.9287,0.0,0.8722
Boult,Electronics,999.0,0.67,3.9,77027.0,0.9735,0.7469,0.9956
Redmi,Electronics,9499.0,0.21,4.1,313832.0,0.4588,0.3818,0.9546
NGI,Home&Kitchen,999.0,0.8,3.1,2.0,0.9849,-0.4215,0.7096
JM,Home&Kitchen,1299.0,0.64,4.1,550.0,-0.0772,0.4926,0.9866
Mi,Home&Kitchen,29999.0,0.37,4.1,2536.0,0.9852,0.7351,0.99
Newly,Electronics,8499.0,0.76,4.3,240.0,0.9674,0.2263,-0.8622
Kitchenwell,Home&Kitchen,79.0,0.0,4.0,97.0,0.9693,0.4404,0.5082
Luminous,Home&Kitchen,1490.0,0.33,4.1,12999.0,0.93,0.7649,0.9462
Noise,Electronics,2999.0,0.57,3.8,14629.0,0.975,0.4927,0.9976
iQOO,Electronics,19999.0,0.3,4.1,19252.0,0.9432,0.7003,0.9726
ZEBRONICS,Computers&Accessories,1999.0,0.55,4.4,1667.0,0.6808,0.7901,0.9842
INOVERA,Computers&Accessories,999.0,0.5,4.4,1030.0,0.8316,0.6908,0.9866
Philips,Home&Kitchen,2695.0,0.0,4.4,2518.0,0.7269,0.6696,0.9686
Offbeat®,Computers&Accessories,1499.0,0.27,4.2,2375.0,0.9928,0.8687,0.9771
Parker,OfficeProducts,100.0,0.0,4.3,3095.0,0.0,0.7076,0.9468
Zebronics,Computers&Accessories,1190.0,0.66,4.1,2809.0,0.4939,0.9382,0.9298
Mi,Electronics,14999.0,0.0,4.3,27508.0,-0.4588,0.5927,0.9955
Ambrane,Electronics,2999.0,0.17,4.1,3156.0,0.9246,0.6549,0.9489
AmazonBasics,Computers&Accessories,995.0,0.45,4.2,29746.0,0.3666,-0.3536,0.9291
3M,OfficeProducts,175.0,0.49,4.4,7429.0,0.3818,0.0,0.5574
boAt,Electronics,2499.0,0.52,4.0,33584.0,0.9201,0.6808,0.9204
Duracell,Electronics,220.0,0.14,4.4,2866.0,0.0,-0.2755,0.7269
KENT,Home&Kitchen,1950.0,0.39,3.9,2832.0,0.9325,0.0,0.8504
Wayona,Computers&Accessories,999.0,0.7,4.3,2651.0,0.7753,0.5859,0.9446
iBELL,Home&Kitchen,4600.0,0.55,4.3,562.0,0.9141,0.5551,0.9681
Kodak,Electronics,12999.0,0.23,4.2,6088.0,0.4404,0.7672,0.9886
Usha,Home&Kitchen,1560.0,0.36,3.6,4881.0,0.8781,0.7684,0.7312
realme,Electronics,15999.0,0.19,4.2,13246.0,0.8957,0.4404,0.9315
Silicone,Electronics,999.0,0.9,3.8,594.0,0.0772,0.6416,0.9912
Bajaj,Home&Kitchen,5890.0,0.56,4.1,21783.0,0.1027,0.1406,0.9216
Wayona,Computers&Accessories,1099.0,0.59,4.0,242.0,0.9217,0.9661,0.9967
Maharaja,Home&Kitchen,4799.0,0.3,3.7,4200.0,0.5994,0.4404,0.9778
Gizga,Electronics,299.0,0.6,4.1,5999.0,0.9493,0.3716,0.8625
